UPDATE `itconfig` SET `Version_DCD`='[VIBRANIUM]20.09.25.001';

CREATE TABLE `hcctrlprentl` (
	`Codigo_TER` VARCHAR(10) NOT NULL COLLATE 'utf8_general_ci',
	`Codigo_HCF` INT(11) NOT NULL,
	`Numero_HCA` INT(11) NULL DEFAULT '0' COMMENT 'Nro de Control' COLLATE 'utf8_general_ci',
	`Fecha_HCA` DATE NULL DEFAULT '0000-00-00'  COMMENT 'Fecha' COLLATE 'utf8_general_ci',
	`Semanas_HCA` CHAR(1) NULL DEFAULT '0' COMMENT 'Semanas gestación'  COLLATE 'utf8_general_ci',
	`Peso_HCA` MEDIUMTEXT NULL DEFAULT NULL COMMENT 'Peso Kg'  COLLATE 'utf8_general_ci',
	`Talla_HCA` MEDIUMTEXT NULL DEFAULT NULL  COMMENT 'Talla'  COLLATE 'utf8_general_ci',
	`IMC_HCA` MEDIUMTEXT NULL DEFAULT NULL  COMMENT 'IMC' COLLATE 'utf8_general_ci',
	`Clasifimceg_HCA` MEDIUMTEXT NULL DEFAULT NULL COMMENT 'Clasificaciob IMG/EG'  COLLATE 'utf8_general_ci',
	`TA_HCA` MEDIUMTEXT NULL DEFAULT NULL  COMMENT 'Tension Arterial' COLLATE 'utf8_general_ci',
	`Alturauter_HCA` MEDIUMTEXT NULL DEFAULT NULL  COMMENT 'Altura Uterina' COLLATE 'utf8_general_ci',
	`Amenorrea_HCA` MEDIUMTEXT NULL DEFAULT NULL  COMMENT 'Corresponde a amenorrea' COLLATE 'utf8_general_ci',
	`FCF_HCA` MEDIUMTEXT NULL DEFAULT NULL COMMENT 'FCF'  COLLATE 'utf8_general_ci',
	`Presfetal_HCA` MEDIUMTEXT NULL DEFAULT NULL  COMMENT 'Presentacion fetal' COLLATE 'utf8_general_ci',
	`Movfetal_HCA` MEDIUMTEXT NULL DEFAULT NULL  COMMENT 'Mov. fetales > 10' COLLATE 'utf8_general_ci',
	`Valcuelute_HCA` MEDIUMTEXT NULL DEFAULT NULL  COMMENT 'Valoracion cuello uterino' COLLATE 'utf8_general_ci',
	`Edemas_HCA` MEDIUMTEXT NULL DEFAULT NULL  COMMENT 'Edemas' COLLATE 'utf8_general_ci',
	`Monfetal_HCA` MEDIUMTEXT NULL DEFAULT NULL  COMMENT 'Monitoreo fetal' COLLATE 'utf8_general_ci',
	`Examamas_HCA` MEDIUMTEXT NULL DEFAULT NULL  COMMENT 'Examen mamas' COLLATE 'utf8_general_ci',
	`Exagenit_HCA` MEDIUMTEXT NULL DEFAULT NULL  COMMENT 'Examen genitale' COLLATE 'utf8_general_ci',
	`Hospprev_HCA` MEDIUMTEXT NULL DEFAULT NULL  COMMENT 'Hospitalizaciones previas al control' COLLATE 'utf8_general_ci',
	PRIMARY KEY (`Codigo_TER`, `Codigo_HCF`) USING BTREE,
	INDEX `Codigo_TER` (`Codigo_TER`) USING BTREE,
	INDEX `Codigo_HCF` (`Codigo_HCF`) USING BTREE
)
COMMENT='Control Prenatal'
COLLATE='utf8_general_ci'
ENGINE=InnoDB
;
ALTER TABLE `hcctrlprentl`
	CHANGE COLUMN `Semanas_HCA` `Semanas_HCA` INT NULL DEFAULT NULL COMMENT 'Semanas gestación' COLLATE 'utf8_general_ci' AFTER `Fecha_HCA`,
	CHANGE COLUMN `Peso_HCA` `Peso_HCA` INT NULL DEFAULT NULL COMMENT 'Peso Kg' COLLATE 'utf8_general_ci' AFTER `Semanas_HCA`,
	CHANGE COLUMN `Talla_HCA` `Talla_HCA` INT NULL DEFAULT NULL COMMENT 'Talla' COLLATE 'utf8_general_ci' AFTER `Peso_HCA`,
	CHANGE COLUMN `IMC_HCA` `IMC_HCA` INT NULL DEFAULT NULL COMMENT 'IMC' COLLATE 'utf8_general_ci' AFTER `Talla_HCA`,
	CHANGE COLUMN `Clasifimceg_HCA` `Clasifimceg_HCA` VARCHAR(50) NULL DEFAULT NULL COMMENT 'Clasificaciob IMG/EG' COLLATE 'utf8_general_ci' AFTER `IMC_HCA`,
	CHANGE COLUMN `TA_HCA` `TA_HCA` VARCHAR(50) NULL DEFAULT NULL COMMENT 'Tension Arterial' COLLATE 'utf8_general_ci' AFTER `Clasifimceg_HCA`,
	CHANGE COLUMN `Alturauter_HCA` `Alturauter_HCA` MEDIUMTEXT NULL DEFAULT NULL COMMENT 'Altura Uterina' COLLATE 'utf8_general_ci' AFTER `TA_HCA`,
	CHANGE COLUMN `Amenorrea_HCA` `Amenorrea_HCA` CHAR(1) NULL DEFAULT NULL COMMENT 'Corresponde a amenorrea' COLLATE 'utf8_general_ci' AFTER `Alturauter_HCA`,
	CHANGE COLUMN `FCF_HCA` `FCF_HCA` MEDIUMTEXT NULL DEFAULT NULL COMMENT 'FCF' COLLATE 'utf8_general_ci' AFTER `Amenorrea_HCA`,
	CHANGE COLUMN `Presfetal_HCA` `Presfetal_HCA` MEDIUMTEXT NULL DEFAULT NULL COMMENT 'Presentacion fetal' COLLATE 'utf8_general_ci' AFTER `FCF_HCA`,
	CHANGE COLUMN `Movfetal_HCA` `Movfetal_HCA` MEDIUMTEXT NULL DEFAULT NULL COMMENT 'Mov. fetales > 10' COLLATE 'utf8_general_ci' AFTER `Presfetal_HCA`,
	CHANGE COLUMN `Valcuelute_HCA` `Valcuelute_HCA` MEDIUMTEXT NULL DEFAULT NULL COMMENT 'Valoracion cuello uterino' COLLATE 'utf8_general_ci' AFTER `Movfetal_HCA`,
	CHANGE COLUMN `Edemas_HCA` `Edemas_HCA` VARCHAR(50) NULL DEFAULT NULL COMMENT 'Edemas' COLLATE 'utf8_general_ci' AFTER `Valcuelute_HCA`,
	CHANGE COLUMN `Hospprev_HCA` `Hospprev_HCA` CHAR(1) NULL DEFAULT NULL COMMENT 'Hospitalizaciones previas al control' COLLATE 'utf8_general_ci' AFTER `Exagenit_HCA`;
ALTER TABLE `gxordenescab`
	CHANGE COLUMN `Autorizacion_ORD` `Autorizacion_ORD` VARCHAR(30) NOT NULL DEFAULT '- -' COLLATE 'utf8_general_ci' AFTER `Codigo_ARE`;
UPDATE `ititems` SET `Activo_ITM`='0' WHERE  `Codigo_ITM`=468 AND `Codigo_MNU`=106 AND `Codigo_MOD`=2 AND `Codigo_APP`=2;
UPDATE `ititems` SET `Nombre_ITM`='Res. 0256 de 2016' WHERE  `Codigo_ITM`=519 AND `Codigo_MNU`=106 AND `Codigo_MOD`=2 AND `Codigo_APP`=2;
UPDATE `ititems` SET `Nombre_ITM`='Res. 0256 de 2016 (Anterior)' WHERE  `Codigo_ITM`=468 AND `Codigo_MNU`=106 AND `Codigo_MOD`=2 AND `Codigo_APP`=2;
INSERT INTO `ititems` (`Codigo_ITM`, `Codigo_MNU`, `Codigo_MOD`, `Codigo_APP`, `Nombre_ITM`, `Icono_ITM`, `Enlace_ITM`, `Padre_ITM`, `OpSave_ITM`) VALUES ('562', '106', '2', '2', 'Res. 1552 de 2013 (Excel)', 'column_tree.png', 'reports/res1552.php', '529', '0');
UPDATE `ititems` SET `Icono_ITM`='database_table.png' WHERE  `Codigo_ITM`=562 AND `Codigo_MNU`=106 AND `Codigo_MOD`=2 AND `Codigo_APP`=2;
INSERT INTO `itreports` (`Codigo_RPT`, `Descripcion_RPT`, `Subtitle_RPT`, `SQL_RPT`, `Orientacion_RPT`) VALUES ('res1552', 'Resolucion 1552 de 2013', 'Informe entre @FECHA_INICIAL y @FECHA_FINAL ', 'SELECT DISTINCT  d.Sigla_TID, c.ID_TER, b.Apellido1_PAC, b.Apellido2_PAC, b.Nombre1_PAC, b.Nombre2_PAC, c.Direccion_TER, c.Telefono_TER, c.Correo_TER, a.FechaGraba_CIT, Fecha_AGE, a.FechaDeseada_CIT, k.CUPS_PRC, g.Nombre_ESP FROM gxcitasmedicas a, gxpacientes b, czterceros c, cztipoid d, gxagendacab e, gxeps f, gxespecialidades g , gxadmision h, gxordenescab i, gxordenesdet j, gxprocedimientos k WHERE a.Codigo_TER=b.Codigo_TER AND b.Codigo_TER=c.Codigo_TER AND c.Codigo_TID=d.Codigo_TID AND e.Codigo_AGE=a.Codigo_AGE AND f.Codigo_EPS=b.Codigo_EPS AND g.Codigo_ESP=e.Codigo_ESP  AND h.Codigo_TER=a.Codigo_TER AND DATE(h.Fecha_ADM)=DATE(a.Fecha_AGE) AND i.Codigo_ADM=h.Codigo_ADM AND i.Codigo_ORD=j.Codigo_ORD AND k.Codigo_SER=j.Codigo_SER AND a.Fecha_AGE BETWEEN \'@FECHA_INICIAL\' AND \'@FECHA_FINAL 23:59:59\' AND f.Codigo_TER=\'@ENTIDAD\'', 'L');
INSERT INTO `itreportsparam` (`Codigo_RPT`, `Campo_RPT`, `Titulo_RPT`, `Orden_RPT`, `Tipo_RPT`) VALUES ('res1552', 'FECHA_FINAL', 'Fecha Final', '3', 'D');
INSERT INTO `itreportsparam` (`Codigo_RPT`, `Campo_RPT`, `Titulo_RPT`, `Orden_RPT`, `Tipo_RPT`) VALUES ('res1552', 'FECHA_INICIAL', 'Fecha Inicial', '2', 'D');
INSERT INTO `itreportsparam` (`Codigo_RPT`, `Campo_RPT`, `Titulo_RPT`, `Orden_RPT`, `Tipo_RPT`) VALUES ('res1552', 'ENTIDAD', 'Entidad', '3', 'S');
INSERT INTO `itreportsselects` (`Codigo_RPT`, `Campo_RPT`, `Consulta_RPT`) VALUES ('res1552', 'ENTIDAD', 'SELECT Codigo_TER, Nombre_TER FROM czterceros WHERE Codigo_TER in (Select Codigo_TER from gxeps where Codigo_EPS in (Select distinct Codigo_EPS from gxagendacab)) Order By 2;');
UPDATE `itreports` SET `SQL_RPT`='SELECT DISTINCT  d.Sigla_TID, c.ID_TER, b.Apellido1_PAC, b.Apellido2_PAC, b.Nombre1_PAC, b.Nombre2_PAC, c.Direccion_TER, c.Telefono_TER, c.Correo_TER, a.FechaGraba_CIT, Fecha_AGE, a.FechaDeseada_CIT, k.CUPS_PRC, g.Nombre_ESP FROM gxcitasmedicas a, gxpacientes b, czterceros c, cztipoid d, gxagendacab e, gxeps f, gxespecialidades g , gxadmision h, gxordenescab i, gxordenesdet j, gxprocedimientos k, gxmedicos l, gxservicios m  \r\nWHERE a.Codigo_TER=b.Codigo_TER AND b.Codigo_TER=c.Codigo_TER AND c.Codigo_TID=d.Codigo_TID AND e.Codigo_AGE=a.Codigo_AGE AND f.Codigo_EPS=b.Codigo_EPS AND g.Codigo_ESP=e.Codigo_ESP  AND h.Codigo_TER=a.Codigo_TER AND DATE(h.Fecha_ADM)=DATE(a.Fecha_AGE) AND i.Codigo_ADM=h.Codigo_ADM AND i.Codigo_ORD=j.Codigo_ORD AND k.Codigo_SER=j.Codigo_SER\r\nAND l.Codigo_TER=e.Codigo_TER AND i.Codigo_USR=l.Codigo_USR AND m.Codigo_SER=k.Codigo_SER AND m.Codigo_CFC=\'01\'\r\n AND a.Fecha_AGE BETWEEN \'@FECHA_INICIAL\' AND \'@FECHA_FINAL 23:59:59\' AND f.Codigo_TER=\'@ENTIDAD\'' WHERE  `Codigo_RPT`='res1552' AND `Codigo_DCD`=0;
UPDATE `itreportsparam` SET `Orden_RPT`='4' WHERE  `Codigo_RPT`='res1552' AND `Campo_RPT`='ENTIDAD' AND `Codigo_DCD`=0;
UPDATE `itreports` SET `SQL_RPT`='SELECT DISTINCT  d.Sigla_TID, c.ID_TER, b.Apellido1_PAC, b.Apellido2_PAC, b.Nombre1_PAC, b.Nombre2_PAC, c.Direccion_TER, c.Telefono_TER, c.Correo_TER, a.FechaGraba_CIT, Fecha_AGE, a.FechaDeseada_CIT, k.CUPS_PRC, g.Nombre_ESP \r\nFROM gxcitasmedicas a, gxpacientes b, czterceros c, cztipoid d, gxagendacab e, gxeps f, gxespecialidades g , gxadmision h, gxordenescab i, gxordenesdet j, gxprocedimientos k, gxmedicos l, gxservicios m, gxareas n  \r\nWHERE a.Codigo_TER=b.Codigo_TER AND b.Codigo_TER=c.Codigo_TER AND c.Codigo_TID=d.Codigo_TID AND e.Codigo_AGE=a.Codigo_AGE AND f.Codigo_EPS=b.Codigo_EPS AND g.Codigo_ESP=e.Codigo_ESP  AND h.Codigo_TER=a.Codigo_TER \r\nAND DATE(h.Fecha_ADM)=DATE(a.Fecha_AGE) AND i.Codigo_ADM=h.Codigo_ADM AND i.Codigo_ORD=j.Codigo_ORD AND k.Codigo_SER=j.Codigo_SER\r\nAND l.Codigo_TER=e.Codigo_TER AND i.Codigo_USR=l.Codigo_USR AND m.Codigo_SER=k.Codigo_SER AND m.Codigo_CFC=\'01\' and n.Codigo_ARE=e.Codigo_ARE \r\n AND a.Fecha_AGE BETWEEN \'@FECHA_INICIAL\' AND \'@FECHA_FINAL 23:59:59\' AND f.Codigo_TER=\'@ENTIDAD\' and n.Codigo_SDE=\'@SEDE\';' WHERE  `Codigo_RPT`='res1552' AND `Codigo_DCD`=0;
INSERT INTO `itreportsparam` (`Codigo_RPT`, `Campo_RPT`, `Titulo_RPT`, `Orden_RPT`, `Tipo_RPT`) VALUES ('res1552', 'SEDE', 'Sede', '5', 'S');
INSERT INTO `itreportsselects` (`Codigo_RPT`, `Campo_RPT`, `Consulta_RPT`) VALUES ('res1552', 'SEDE', 'Select Codigo_SDE, NOmbre_SDE From czsedes Where Estado_SDE=\'1\' Order By 2;');
INSERT INTO `ititems` (`Codigo_ITM`, `Codigo_MNU`, `Codigo_MOD`, `Codigo_APP`, `Nombre_ITM`, `Icono_ITM`, `Enlace_ITM`, `Padre_ITM`, `OpSave_ITM`) VALUES ('563', '106', '2', '2', 'Informe Riesgo Obstétrico', 'database_table.png', 'reports/inf_aro.php', '529', '0');
INSERT INTO `ititems` (`Codigo_ITM`, `Codigo_MNU`, `Codigo_MOD`, `Codigo_APP`, `Nombre_ITM`, `Icono_ITM`, `Enlace_ITM`, `Padre_ITM`, `OpSave_ITM`) VALUES ('564', '106', '2', '2', 'Informe Riesgo Cardio Vascular', 'database_table.png', 'reports/inf_rcv.php', '529', '0');
INSERT INTO `itreports` (`Codigo_RPT`, `Descripcion_RPT`, `Subtitle_RPT`, `SQL_RPT`, `Orientacion_RPT`) VALUES ('inf_aro', 'Informe de Riesgo Obstétrico', 'Informe entre @FECHA_INICIAL y @FECHA_FINAL ', 'SELECT DISTINCT  d.Sigla_TID, c.ID_TER, b.Apellido1_PAC, b.Apellido2_PAC, b.Nombre1_PAC, b.Nombre2_PAC, c.Direccion_TER, c.Telefono_TER, c.Correo_TER, a.FechaGraba_CIT, Fecha_AGE, a.FechaDeseada_CIT, k.CUPS_PRC, g.Nombre_ESP \r\nFROM gxcitasmedicas a, gxpacientes b, czterceros c, cztipoid d, gxagendacab e, gxeps f, gxespecialidades g , gxadmision h, gxordenescab i, gxordenesdet j, gxprocedimientos k, gxmedicos l, gxservicios m, gxareas n  \r\nWHERE a.Codigo_TER=b.Codigo_TER AND b.Codigo_TER=c.Codigo_TER AND c.Codigo_TID=d.Codigo_TID AND e.Codigo_AGE=a.Codigo_AGE AND f.Codigo_EPS=b.Codigo_EPS AND g.Codigo_ESP=e.Codigo_ESP  AND h.Codigo_TER=a.Codigo_TER \r\nAND DATE(h.Fecha_ADM)=DATE(a.Fecha_AGE) AND i.Codigo_ADM=h.Codigo_ADM AND i.Codigo_ORD=j.Codigo_ORD AND k.Codigo_SER=j.Codigo_SER\r\nAND l.Codigo_TER=e.Codigo_TER AND i.Codigo_USR=l.Codigo_USR AND m.Codigo_SER=k.Codigo_SER AND m.Codigo_CFC=\'01\' and n.Codigo_ARE=e.Codigo_ARE \r\n AND a.Fecha_AGE BETWEEN \'@FECHA_INICIAL\' AND \'@FECHA_FINAL 23:59:59\' AND f.Codigo_TER=\'@ENTIDAD\' and n.Codigo_SDE=\'@SEDE\';', 'L');
INSERT INTO `itreports` (`Codigo_RPT`, `Descripcion_RPT`, `Subtitle_RPT`, `SQL_RPT`, `Orientacion_RPT`) VALUES ('inf_rcv', 'Informe de Riesgo Cardio Vascular', 'Informe entre @FECHA_INICIAL y @FECHA_FINAL ', 'SELECT DISTINCT  d.Sigla_TID, c.ID_TER, b.Apellido1_PAC, b.Apellido2_PAC, b.Nombre1_PAC, b.Nombre2_PAC, c.Direccion_TER, c.Telefono_TER, c.Correo_TER, a.FechaGraba_CIT, Fecha_AGE, a.FechaDeseada_CIT, k.CUPS_PRC, g.Nombre_ESP \r\nFROM gxcitasmedicas a, gxpacientes b, czterceros c, cztipoid d, gxagendacab e, gxeps f, gxespecialidades g , gxadmision h, gxordenescab i, gxordenesdet j, gxprocedimientos k, gxmedicos l, gxservicios m, gxareas n  \r\nWHERE a.Codigo_TER=b.Codigo_TER AND b.Codigo_TER=c.Codigo_TER AND c.Codigo_TID=d.Codigo_TID AND e.Codigo_AGE=a.Codigo_AGE AND f.Codigo_EPS=b.Codigo_EPS AND g.Codigo_ESP=e.Codigo_ESP  AND h.Codigo_TER=a.Codigo_TER \r\nAND DATE(h.Fecha_ADM)=DATE(a.Fecha_AGE) AND i.Codigo_ADM=h.Codigo_ADM AND i.Codigo_ORD=j.Codigo_ORD AND k.Codigo_SER=j.Codigo_SER\r\nAND l.Codigo_TER=e.Codigo_TER AND i.Codigo_USR=l.Codigo_USR AND m.Codigo_SER=k.Codigo_SER AND m.Codigo_CFC=\'01\' and n.Codigo_ARE=e.Codigo_ARE \r\n AND a.Fecha_AGE BETWEEN \'@FECHA_INICIAL\' AND \'@FECHA_FINAL 23:59:59\' AND f.Codigo_TER=\'@ENTIDAD\' and n.Codigo_SDE=\'@SEDE\';', 'L');
INSERT INTO `itreportsparam` (`Codigo_RPT`, `Campo_RPT`, `Titulo_RPT`, `Orden_RPT`, `Tipo_RPT`) VALUES ('inf_aro', 'FECHA_INICIAL', 'Fecha Inicial', '2', 'D');
INSERT INTO `itreportsparam` (`Codigo_RPT`, `Campo_RPT`, `Titulo_RPT`, `Orden_RPT`, `Tipo_RPT`) VALUES ('inf_aro', 'FECHA_FINAL', 'Fecha Final', '3', 'D');
INSERT INTO `itreportsparam` (`Codigo_RPT`, `Campo_RPT`, `Titulo_RPT`, `Orden_RPT`, `Tipo_RPT`) VALUES ('inf_aro', 'ENTIDAD', 'Entidad', '4', 'S');
INSERT INTO `itreportsparam` (`Codigo_RPT`, `Campo_RPT`, `Titulo_RPT`, `Orden_RPT`, `Tipo_RPT`) VALUES ('inf_aro', 'SEDE', 'Sede', '5', 'S');
INSERT INTO `itreportsparam` (`Codigo_RPT`, `Campo_RPT`, `Titulo_RPT`, `Orden_RPT`, `Tipo_RPT`) VALUES ('inf_rcv', 'FECHA_INICIAL', 'Fecha Inicial', '2', 'D');
INSERT INTO `itreportsparam` (`Codigo_RPT`, `Campo_RPT`, `Titulo_RPT`, `Orden_RPT`, `Tipo_RPT`) VALUES ('inf_rcv', 'FECHA_FINAL', 'Fecha Final', '3', 'D');
INSERT INTO `itreportsparam` (`Codigo_RPT`, `Campo_RPT`, `Titulo_RPT`, `Orden_RPT`, `Tipo_RPT`) VALUES ('inf_rcv', 'ENTIDAD', 'Entidad', '4', 'S');
INSERT INTO `itreportsparam` (`Codigo_RPT`, `Campo_RPT`, `Titulo_RPT`, `Orden_RPT`, `Tipo_RPT`) VALUES ('inf_rcv', 'SEDE', 'Sede', '5', 'S');
INSERT INTO `itreportsselects` (`Codigo_RPT`, `Campo_RPT`, `Consulta_RPT`) VALUES ('inf_aro', 'ENTIDAD', 'SELECT Codigo_TER, Nombre_TER FROM czterceros WHERE Codigo_TER in (Select Codigo_TER from gxeps where Codigo_EPS in (Select distinct Codigo_EPS from gxagendacab)) Order By 2;');
INSERT INTO `itreportsselects` (`Codigo_RPT`, `Campo_RPT`, `Consulta_RPT`) VALUES ('inf_aro', 'SEDE', 'Select Codigo_SDE, NOmbre_SDE From czsedes Where Estado_SDE=\'1\' Order By 2;');
INSERT INTO `itreportsselects` (`Codigo_RPT`, `Campo_RPT`, `Consulta_RPT`) VALUES ('inf_rcv', 'ENTIDAD', 'SELECT Codigo_TER, Nombre_TER FROM czterceros WHERE Codigo_TER in (Select Codigo_TER from gxeps where Codigo_EPS in (Select distinct Codigo_EPS from gxagendacab)) Order By 2;');
INSERT INTO `itreportsselects` (`Codigo_RPT`, `Campo_RPT`, `Consulta_RPT`) VALUES ('inf_rcv', 'SEDE', 'Select Codigo_SDE, NOmbre_SDE From czsedes Where Estado_SDE=\'1\' Order By 2;');
UPDATE `itreports` SET `SQL_RPT`='SELECT \'\' AS \'No\', MONTH(a.Fecha_HCF) AS \'MES DE ATENCIÓN\', a.Fecha_HCF AS \'FECHA DE ATENCIÓN\', \r\nb.Codigo_DEP AS \'DEPARTAMENTO\', b.Codigo_MUN AS \'MUNICIPIO\', d.Sigla_TID AS \'TIPO DE IDENTIFICACIÓN\', c.ID_TER AS \'NÚMERO DE IDENTIFICACIÓN\',\r\nb.Codigo_PLA AS \'RÉGIMEN\', b.Nombre1_PAC AS \'PRIMER NOMBRE\', b.Nombre2_PAC AS \'SEGUNDO NOMBRE\', b.Apellido1_PAC as \'PRIMER APELLIDO\', b.Apellido2_PAC AS \'SEGUNDO APELLIDO\', 	\r\nb.FechaNac_PAC AS \'FECHA DE NACIMIENTO\', TIMESTAMPDIFF(YEAR,b.FechaNac_PAC,a.Fecha_HCF) AS \'EDAD\', c.Direccion_TER AS \'DIRECCION\', b.Barrio_PAC AS \'BARRIO\',  \r\n\'FECHA DE INGRESO A LA IPS DE GESTIÓN RIESGO\', e.gFUM_HCA AS \'FECHA DE ÚLTIMA MENSTRUACION\', DATE_ADD(e.gFUM_HCA,INTERVAL 281 DAY) AS \'FECHA PROBABLE DE PARTO\',\r\n\'FECHA DE INGRESO AL CONTROL PRENATAL\', \'SEMANA GESTACIÓN AL INGRESO DEL CONTROL PRENATAL\', (ROUND(DATEDIFF(a.Fecha_HCF,e.gFUM_HCA)/30)*3.89) as \'SEMANA DE GESTACIÓN ACTUAL\', f.Pesoprev_HCA AS \'PESO\', f.Talla_HCA AS \'TALLA\', f.IMC_HCA AS \'IMC\', \r\ncase  when f.IMC_HCA < 18.5 then \'BAJO PESO\' when f.IMC_HCA BETWEEN 18.5 AND 24.99 then \'NORMAL\' when f.IMC_HCA BETWEEN 25 AND 29.99 then \'SOBREPESO\' when f.IMC_HCA BETWEEN 30 AND 34.99 then \'OBESIDAD TIPO I\' when f.IMC_HCA BETWEEN 35 AND 39.99 then \'OBESIDAD TIPO II\' ELSE \'OBESIDAD TIPO III\' END as \'CLASIFICACIÓN IMC\', ifnull(g.Numero_HCA,1) AS \'NÚMERO DE CONTROL PRENATAL AL QUE ASISTE A LA FECHA\'\r\n																										\r\n																										\r\n\r\nFROM hcfolios a, gxpacientes b, czterceros c, cztipoid d, hcant_ginecobst e, gxareas i, gxeps j, hcembactual f LEFT JOIN hcctrlprentl g ON f.Codigo_TER=g.Codigo_TER AND g.Codigo_HCF=f.Codigo_HCF\r\nWHERE a.Codigo_TER=b.Codigo_TER AND c.Codigo_TER=b.Codigo_TER AND c.Codigo_TID=d.Codigo_TID AND e.Codigo_TER=a.Codigo_TER\r\nAND e.Codigo_HCF=a.Codigo_HCF AND a.Codigo_TER=f.Codigo_TER AND a.Codigo_HCF=f.Codigo_HCF AND i.Codigo_ARE=a.Codigo_ARE AND j.Codigo_EPS=b.Codigo_EPS\r\nAND j.Codigo_TER=\'@ENTIDAD\' AND i.Codigo_SDE=\'@SEDE\' AND a.Fecha_HCF BETWEEN \'@FECHA_INICIAL\' AND \'@FECHA_FINAL 23:59:59\'' WHERE  `Codigo_RPT`='inf_aro' AND `Codigo_DCD`=0;
UPDATE `itreports` SET `SQL_RPT`='SELECT \'\' AS \'No\', MONTH(a.Fecha_HCF) AS \'MES DE ATENCIÓN\', a.Fecha_HCF AS \'FECHA DE ATENCIÓN\', \r\nb.Codigo_DEP AS \'DEPARTAMENTO\', b.Codigo_MUN AS \'MUNICIPIO\', d.Sigla_TID AS \'TIPO DE IDENTIFICACIÓN\', c.ID_TER AS \'NÚMERO DE IDENTIFICACIÓN\',\r\nb.Codigo_PLA AS \'RÉGIMEN\', b.Nombre1_PAC AS \'PRIMER NOMBRE\', b.Nombre2_PAC AS \'SEGUNDO NOMBRE\', b.Apellido1_PAC as \'PRIMER APELLIDO\', b.Apellido2_PAC AS \'SEGUNDO APELLIDO\', 	\r\nb.FechaNac_PAC AS \'FECHA DE NACIMIENTO\', TIMESTAMPDIFF(YEAR,b.FechaNac_PAC,a.Fecha_HCF) AS \'EDAD\', c.Direccion_TER AS \'DIRECCION\', b.Barrio_PAC AS \'BARRIO\',  \r\n\'FECHA DE INGRESO A LA IPS DE GESTIÓN RIESGO\', e.gFUM_HCA AS \'FECHA DE ÚLTIMA MENSTRUACION\', DATE_ADD(e.gFUM_HCA,INTERVAL 281 DAY) AS \'FECHA PROBABLE DE PARTO\',\r\n\'FECHA DE INGRESO AL CONTROL PRENATAL\', \'SEMANA GESTACIÓN AL INGRESO DEL CONTROL PRENATAL\', (ROUND(DATEDIFF(a.Fecha_HCF,e.gFUM_HCA)/30)*3.89) as \'SEMANA DE GESTACIÓN ACTUAL\', f.Pesoprev_HCA AS \'PESO\', f.Talla_HCA AS \'TALLA\', f.IMC_HCA AS \'IMC\', \r\ncase  when f.IMC_HCA < 18.5 then \'BAJO PESO\' when f.IMC_HCA BETWEEN 18.5 AND 24.99 then \'NORMAL\' when f.IMC_HCA BETWEEN 25 AND 29.99 then \'SOBREPESO\' when f.IMC_HCA BETWEEN 30 AND 34.99 then \'OBESIDAD TIPO I\' when f.IMC_HCA BETWEEN 35 AND 39.99 then \'OBESIDAD TIPO II\' ELSE \'OBESIDAD TIPO III\' END as \'CLASIFICACIÓN IMC\', ifnull(g.Numero_HCA,1) AS \'NÚMERO DE CONTROL PRENATAL AL QUE ASISTE A LA FECHA\',\r\nIFNULL(k.T1F011_HCA,\'0000-00-00\') AS \'PRUEBA PRESUNTIVA (ELISA) I TRIMESTRE\', IFNULL(k.T1R011_HCA,\'\') AS \'PRUEBA PRESUNTIVA (ELISA) I TRIMESTRE\',\r\nIFNULL(k.T2F011_HCA,\'0000-00-00\') AS \'PRUEBA PRESUNTIVA (ELISA) II TRIMESTRE\', IFNULL(k.T2R011_HCA,\'\') AS \'PRUEBA PRESUNTIVA (ELISA) II TRIMESTRE\',\r\nIFNULL(k.T3F011_HCA,\'0000-00-00\') AS \'PRUEBA PRESUNTIVA (ELISA) III TRIMESTRE\', IFNULL(k.T3R011_HCA,\'\') AS \'PRUEBA PRESUNTIVA (ELISA) III TRIMESTRE\',\r\n\'0000-00-00\' AS \'FECHA PRUEBA WESTERNBLOT\', \'\' AS \'FECHA PRUEBA WESTERNBLOT\',\r\nIFNULL(k.T1F004_HCA,\'0000-00-00\') AS \'PRUEBA SEROLÓGICA PARA SIFILIS - I TRIMESTRE\', IFNULL(k.T1R004_HCA,\'\') AS \'PRUEBA SEROLÓGICA PARA SIFILIS - I TRIMESTRE\',\r\n\'\' AS \'TRATAMIENTO SIFILIS I TRIMESTRE\',\r\nIFNULL(k.T2F004_HCA,\'0000-00-00\') AS \'PRUEBA SEROLÓGICA PARA SIFILIS - II TRIMESTRE\', IFNULL(k.T2R004_HCA,\'\') AS \'PRUEBA SEROLÓGICA PARA SIFILIS - II TRIMESTRE\',\r\n\'\' AS \'TRATAMIENTO SIFILIS II TRIMESTRE\',\r\nIFNULL(k.T3F004_HCA,\'0000-00-00\') AS \'PRUEBA SEROLÓGICA PARA SIFILIS - III TRIMESTRE\', IFNULL(k.T3R004_HCA,\'\') AS \'PRUEBA SEROLÓGICA PARA SIFILIS - III TRIMESTRE\',\r\n\'\' AS \'TRATAMIENTO SIFILIS III TRIMESTRE\',\r\nIFNULL(k.T3F009_HCA,\'0000-00-00\') AS \'PRUEBA CONFIRMATORIA FTA-ABS , MHA-TP,TPHA\', IFNULL(k.T3R009_HCA,\'\') AS \'PRUEBA CONFIRMATORIA FTA-ABS , MHA-TP,TPHA\',\r\n\'\' AS \'LA PAREJA INICIO TRATAMIENTO?\',\r\ncase  when (ROUND(DATEDIFF(a.Fecha_HCF,e.gFUM_HCA)/30)*3.89) BETWEEN 0 AND 13 then l.Riesgo1T_HCA when (ROUND(DATEDIFF(a.Fecha_HCF,e.gFUM_HCA)/30)*3.89) BETWEEN 14 AND 27 then l.Riesgo2T_HCA ELSE l.Riesgo3T_HCA END AS \'CLASIFICACION DE RIESGO OBSTETRICO\',\r\n\'\' AS \'CLASIFICACION DE RIESGO OBSTETRICO\', \'\' AS \'CLASIFICACION DE RIESGO OBSTETRICO\',\r\n\'\' AS \'AC. FÓLICO\', \'\' AS \'SULFATO FERROSO\', \'\' AS \'CALCIO\',\r\nIFNULL(k.T1F001_HCA,\'0000-00-00\') AS \'HEMOGLOBINA\', IFNULL(k.T1R001_HCA,\'\') AS \'HEMOGLOBINA\',\r\nIFNULL(k.T2F001_HCA,\'0000-00-00\') AS \'HEMOGLOBINA\', IFNULL(k.T2R001_HCA,\'\') AS \'HEMOGLOBINA\',\r\nIFNULL(k.T3F001_HCA,\'0000-00-00\') AS \'HEMOGLOBINA\', IFNULL(k.T3R001_HCA,\'\') AS \'HEMOGLOBINA\',\r\nIFNULL(k.T1F002_HCA,\'0000-00-00\') AS \'HEMOCLASIFICACIÓN\', IFNULL(k.T1R002_HCA,\'\') AS \'HEMOCLASIFICACIÓN\',\r\nIFNULL(k.T2F002_HCA,\'0000-00-00\') AS \'HEMOCLASIFICACIÓN\', IFNULL(k.T2R002_HCA,\'\') AS \'HEMOCLASIFICACIÓN\',\r\nIFNULL(k.T3F002_HCA,\'0000-00-00\') AS \'HEMOCLASIFICACIÓN\', IFNULL(k.T3R002_HCA,\'\') AS \'HEMOCLASIFICACIÓN\',\r\nIFNULL(k.T1F003_HCA,\'0000-00-00\') AS \'GLICEMIA\', IFNULL(k.T1R003_HCA,\'\') AS \'GLICEMIA\',\r\nIFNULL(k.T2F003_HCA,\'0000-00-00\') AS \'GLICEMIA\', IFNULL(k.T2R003_HCA,\'\') AS \'GLICEMIA\',\r\nIFNULL(k.T3F003_HCA,\'0000-00-00\') AS \'GLICEMIA\', IFNULL(k.T3R003_HCA,\'\') AS \'GLICEMIA\',\r\nIFNULL(k.T1F014_HCA,\'0000-00-00\') AS \'TOX IgG\', IFNULL(k.T1R014_HCA,\'\') AS \'TOX IgG\',\r\nIFNULL(k.T2F014_HCA,\'0000-00-00\') AS \'TOX IgG\', IFNULL(k.T2R014_HCA,\'\') AS \'TOX IgG\',\r\nIFNULL(k.T3F014_HCA,\'0000-00-00\') AS \'TOX IgG\', IFNULL(k.T3R014_HCA,\'\') AS \'TOX IgG\',\r\nIFNULL(k.T1F012_HCA,\'0000-00-00\') AS \'ANTIG HB\', IFNULL(k.T1R012_HCA,\'\') AS \'ANTIG HB\',\r\nIFNULL(k.T2F012_HCA,\'0000-00-00\') AS \'ANTIG HB\', IFNULL(k.T2R012_HCA,\'\') AS \'ANTIG HB\',\r\nIFNULL(k.T3F012_HCA,\'0000-00-00\') AS \'ANTIG HB\', IFNULL(k.T3R012_HCA,\'\') AS \'ANTIG HB\',\r\nIFNULL(k.T1F007_HCA,\'0000-00-00\') AS \'UROANALISIS\', IFNULL(k.T1R007_HCA,\'\') AS \'UROANALISIS\',\r\nIFNULL(k.T2F007_HCA,\'0000-00-00\') AS \'UROANALISIS\', IFNULL(k.T2R007_HCA,\'\') AS \'UROANALISIS\',\r\nIFNULL(k.T3F007_HCA,\'0000-00-00\') AS \'UROANALISIS\', IFNULL(k.T3R007_HCA,\'\') AS \'UROANALISIS\',\r\nIFNULL(k.T1F006_HCA,\'0000-00-00\') AS \'CITOLOGÍA CERVICO-VAGINAL\', IFNULL(k.T1R006_HCA,\'\') AS \'CITOLOGÍA CERVICO-VAGINAL\',\r\nIFNULL(k.T2F006_HCA,\'0000-00-00\') AS \'CITOLOGÍA CERVICO-VAGINAL\', IFNULL(k.T2R006_HCA,\'\') AS \'CITOLOGÍA CERVICO-VAGINAL\',\r\nIFNULL(k.T3F006_HCA,\'0000-00-00\') AS \'CITOLOGÍA CERVICO-VAGINAL\', IFNULL(k.T3R006_HCA,\'\') AS \'CITOLOGÍA CERVICO-VAGINAL\',\r\nIFNULL(k.T1F005_HCA,\'0000-00-00\') AS \'FROTIS FLUJO VAGINAL\', IFNULL(k.T1R005_HCA,\'\') AS \'FROTIS FLUJO VAGINAL\',\r\nIFNULL(k.T2F005_HCA,\'0000-00-00\') AS \'FROTIS FLUJO VAGINAL\', IFNULL(k.T2R005_HCA,\'\') AS \'FROTIS FLUJO VAGINAL\',\r\nIFNULL(k.T3F005_HCA,\'0000-00-00\') AS \'FROTIS FLUJO VAGINAL\', IFNULL(k.T3R005_HCA,\'\') AS \'FROTIS FLUJO VAGINAL\',\r\nIFNULL(k.T1R020_HCA,\'0000-00-00\') AS \'ECOGRAFÍA OBSTÉTRICA\', IFNULL(k.T1R017_HCA,\'\') AS \'ECOGRAFÍA OBSTÉTRICA\',\r\nIFNULL(k.T2R020_HCA,\'0000-00-00\') AS \'ECOGRAFÍA OBSTÉTRICA\', IFNULL(k.T2R017_HCA,\'\') AS \'ECOGRAFÍA OBSTÉTRICA\',\r\nIFNULL(k.T3R020_HCA,\'0000-00-00\') AS \'ECOGRAFÍA OBSTÉTRICA\', IFNULL(k.T3R017_HCA,\'\') AS \'ECOGRAFÍA OBSTÉTRICA\',\r\n\'\' AS \'" SIFILIS GESTACIONAL\', \'\' AS \'VIH GESTACIONAL\', \'\' AS \'TOXOPLASMOSIS\', \'\' AS \'HIPERTENSIÓN INDUCIDA POR EL EMBARAZO (HIE)\', \'\' AS \'HTA\', \'\' AS \'DM\',\r\n\'\' AS \'TdaP(Tétanos-Difteria-Tos ferina-Acelular) DOSIS ÚNICA A PARTIR DE LA SEM 26\', \'\' AS \'VACUNA INFLUENZA ESTACIONAL A PARTIR SEM 14\',\r\ncase when m.Codigo_SER=\'------\' then \'SI\' ELSE \'NO\' END AS \'ODONTOLOGÍA\', case when n.Codigo_SER=\'------\' then \'SI\' ELSE \'NO\' END AS \'NUTRICIÓN\', \r\ncase when o.Codigo_SER=\'------\' then \'SI\' ELSE \'NO\' END AS \'GINECOLGÍA\', case when p.Codigo_SER=\'------\' then \'SI\' ELSE \'NO\' END AS \'PSICOLOGÍA\',\r\nc.Telefono_TER AS \'TELEFONO\'\r\nFROM hcfolios a, gxpacientes b, czterceros c, cztipoid d, hcant_ginecobst e, gxareas i, gxeps j, hcembactual f LEFT JOIN hcctrlprentl g ON f.Codigo_TER=g.Codigo_TER AND g.Codigo_HCF=f.Codigo_HCF\r\nLEFT JOIN hcctrlparaobs k ON f.Codigo_TER=k.Codigo_TER AND k.Codigo_HCF=f.Codigo_HCF LEFT JOIN hcriegoobs l ON f.Codigo_TER=l.Codigo_TER AND l.Codigo_HCF=f.Codigo_HCF\r\nLEFT JOIN hcordenesservicios m ON f.Codigo_TER=m.Codigo_TER AND m.Codigo_HCF=f.Codigo_HCF AND m.TipoSer_HCS LIKE \'%ODONT%\' \r\nLEFT JOIN hcordenesservicios n ON f.Codigo_TER=n.Codigo_TER AND n.Codigo_HCF=f.Codigo_HCF AND n.TipoSer_HCS LIKE \'%NUTRIC%\' \r\nLEFT JOIN hcordenesservicios o ON f.Codigo_TER=o.Codigo_TER AND o.Codigo_HCF=f.Codigo_HCF AND o.TipoSer_HCS LIKE \'%GINEC%\' \r\nLEFT JOIN hcordenesservicios p ON f.Codigo_TER=p.Codigo_TER AND p.Codigo_HCF=f.Codigo_HCF AND p.TipoSer_HCS LIKE \'%PSICO%\' \r\nWHERE a.Codigo_TER=b.Codigo_TER AND c.Codigo_TER=b.Codigo_TER AND c.Codigo_TID=d.Codigo_TID AND e.Codigo_TER=a.Codigo_TER\r\nAND e.Codigo_HCF=a.Codigo_HCF AND a.Codigo_TER=f.Codigo_TER AND a.Codigo_HCF=f.Codigo_HCF AND i.Codigo_ARE=a.Codigo_ARE AND j.Codigo_EPS=b.Codigo_EPS\r\n\r\nAND j.Codigo_TER=\'@ENTIDAD\' AND i.Codigo_SDE=\'@SEDE\' AND a.Fecha_HCF BETWEEN \'@FECHA_INICIAL\' AND \'@FECHA_FINAL 23:59:59\'' WHERE  `Codigo_RPT`='inf_aro' AND `Codigo_DCD`=0;
UPDATE `itreports` SET `SQL_RPT`='SELECT \'\' AS \'No\', MONTH(a.Fecha_HCF) AS \'MES DE ATENCIÓN\', a.Fecha_HCF AS \'FECHA DE ATENCIÓN\', \r\nb.Codigo_DEP AS \'DEPARTAMENTO\', b.Codigo_MUN AS \'MUNICIPIO\', d.Sigla_TID AS \'TIPO DE IDENTIFICACIÓN\', c.ID_TER AS \'NÚMERO DE IDENTIFICACIÓN\',\r\nb.Codigo_PLA AS \'RÉGIMEN\', b.Nombre1_PAC AS \'PRIMER NOMBRE\', b.Nombre2_PAC AS \'SEGUNDO NOMBRE\', b.Apellido1_PAC as \'PRIMER APELLIDO\', b.Apellido2_PAC AS \'SEGUNDO APELLIDO\', 	\r\nb.FechaNac_PAC AS \'FECHA DE NACIMIENTO\', TIMESTAMPDIFF(YEAR,b.FechaNac_PAC,a.Fecha_HCF) AS \'EDAD\', c.Direccion_TER AS \'DIRECCION\', b.Barrio_PAC AS \'BARRIO\',  \r\n\'FECHA DE INGRESO A LA IPS DE GESTIÓN RIESGO\', e.gFUM_HCA AS \'FECHA DE ÚLTIMA MENSTRUACION\', DATE_ADD(e.gFUM_HCA,INTERVAL 281 DAY) AS \'FECHA PROBABLE DE PARTO\',\r\n\'FECHA DE INGRESO AL CONTROL PRENATAL\', \'SEMANA GESTACIÓN AL INGRESO DEL CONTROL PRENATAL\', (ROUND(DATEDIFF(a.Fecha_HCF,e.gFUM_HCA)/30)*3.89) as \'SEMANA DE GESTACIÓN ACTUAL\', f.Pesoprev_HCA AS \'PESO\', f.Talla_HCA AS \'TALLA\', f.IMC_HCA AS \'IMC\', \r\ncase  when f.IMC_HCA < 18.5 then \'BAJO PESO\' when f.IMC_HCA BETWEEN 18.5 AND 24.99 then \'NORMAL\' when f.IMC_HCA BETWEEN 25 AND 29.99 then \'SOBREPESO\' when f.IMC_HCA BETWEEN 30 AND 34.99 then \'OBESIDAD TIPO I\' when f.IMC_HCA BETWEEN 35 AND 39.99 then \'OBESIDAD TIPO II\' ELSE \'OBESIDAD TIPO III\' END as \'CLASIFICACIÓN IMC\', ifnull(g.Numero_HCA,1) AS \'NÚMERO DE CONTROL PRENATAL AL QUE ASISTE A LA FECHA\',\r\nIFNULL(k.T1F011_HCA,\'0000-00-00\') AS \'PRUEBA PRESUNTIVA (ELISA) I TRIMESTRE\', IFNULL(k.T1R011_HCA,\'\') AS \'PRUEBA PRESUNTIVA (ELISA) I TRIMESTRE\',\r\nIFNULL(k.T2F011_HCA,\'0000-00-00\') AS \'PRUEBA PRESUNTIVA (ELISA) II TRIMESTRE\', IFNULL(k.T2R011_HCA,\'\') AS \'PRUEBA PRESUNTIVA (ELISA) II TRIMESTRE\',\r\nIFNULL(k.T3F011_HCA,\'0000-00-00\') AS \'PRUEBA PRESUNTIVA (ELISA) III TRIMESTRE\', IFNULL(k.T3R011_HCA,\'\') AS \'PRUEBA PRESUNTIVA (ELISA) III TRIMESTRE\',\r\n\'0000-00-00\' AS \'FECHA PRUEBA WESTERNBLOT\', \'\' AS \'FECHA PRUEBA WESTERNBLOT\',\r\nIFNULL(k.T1F004_HCA,\'0000-00-00\') AS \'PRUEBA SEROLÓGICA PARA SIFILIS - I TRIMESTRE\', IFNULL(k.T1R004_HCA,\'\') AS \'PRUEBA SEROLÓGICA PARA SIFILIS - I TRIMESTRE\',\r\n\'\' AS \'TRATAMIENTO SIFILIS I TRIMESTRE\',\r\nIFNULL(k.T2F004_HCA,\'0000-00-00\') AS \'PRUEBA SEROLÓGICA PARA SIFILIS - II TRIMESTRE\', IFNULL(k.T2R004_HCA,\'\') AS \'PRUEBA SEROLÓGICA PARA SIFILIS - II TRIMESTRE\',\r\n\'\' AS \'TRATAMIENTO SIFILIS II TRIMESTRE\',\r\nIFNULL(k.T3F004_HCA,\'0000-00-00\') AS \'PRUEBA SEROLÓGICA PARA SIFILIS - III TRIMESTRE\', IFNULL(k.T3R004_HCA,\'\') AS \'PRUEBA SEROLÓGICA PARA SIFILIS - III TRIMESTRE\',\r\n\'\' AS \'TRATAMIENTO SIFILIS III TRIMESTRE\',\r\nIFNULL(k.T3F009_HCA,\'0000-00-00\') AS \'PRUEBA CONFIRMATORIA FTA-ABS , MHA-TP,TPHA\', IFNULL(k.T3R009_HCA,\'\') AS \'PRUEBA CONFIRMATORIA FTA-ABS , MHA-TP,TPHA\',\r\n\'\' AS \'LA PAREJA INICIO TRATAMIENTO?\',\r\ncase  when (ROUND(DATEDIFF(a.Fecha_HCF,e.gFUM_HCA)/30)*3.89) BETWEEN 0 AND 13 then l.Riesgo1T_HCA when (ROUND(DATEDIFF(a.Fecha_HCF,e.gFUM_HCA)/30)*3.89) BETWEEN 14 AND 27 then l.Riesgo2T_HCA ELSE l.Riesgo3T_HCA END AS \'CLASIFICACION DE RIESGO OBSTETRICO\',\r\n\'\' AS \'CLASIFICACION DE RIESGO OBSTETRICO\', \'\' AS \'CLASIFICACION DE RIESGO OBSTETRICO\',\r\n\'\' AS \'AC. FÓLICO\', \'\' AS \'SULFATO FERROSO\', \'\' AS \'CALCIO\',\r\nIFNULL(k.T1F001_HCA,\'0000-00-00\') AS \'HEMOGLOBINA\', IFNULL(k.T1R001_HCA,\'\') AS \'HEMOGLOBINA\',\r\nIFNULL(k.T2F001_HCA,\'0000-00-00\') AS \'HEMOGLOBINA\', IFNULL(k.T2R001_HCA,\'\') AS \'HEMOGLOBINA\',\r\nIFNULL(k.T3F001_HCA,\'0000-00-00\') AS \'HEMOGLOBINA\', IFNULL(k.T3R001_HCA,\'\') AS \'HEMOGLOBINA\',\r\nIFNULL(k.T1F002_HCA,\'0000-00-00\') AS \'HEMOCLASIFICACIÓN\', IFNULL(k.T1R002_HCA,\'\') AS \'HEMOCLASIFICACIÓN\',\r\nIFNULL(k.T2F002_HCA,\'0000-00-00\') AS \'HEMOCLASIFICACIÓN\', IFNULL(k.T2R002_HCA,\'\') AS \'HEMOCLASIFICACIÓN\',\r\nIFNULL(k.T3F002_HCA,\'0000-00-00\') AS \'HEMOCLASIFICACIÓN\', IFNULL(k.T3R002_HCA,\'\') AS \'HEMOCLASIFICACIÓN\',\r\nIFNULL(k.T1F003_HCA,\'0000-00-00\') AS \'GLICEMIA\', IFNULL(k.T1R003_HCA,\'\') AS \'GLICEMIA\',\r\nIFNULL(k.T2F003_HCA,\'0000-00-00\') AS \'GLICEMIA\', IFNULL(k.T2R003_HCA,\'\') AS \'GLICEMIA\',\r\nIFNULL(k.T3F003_HCA,\'0000-00-00\') AS \'GLICEMIA\', IFNULL(k.T3R003_HCA,\'\') AS \'GLICEMIA\',\r\nIFNULL(k.T1F014_HCA,\'0000-00-00\') AS \'TOX IgG\', IFNULL(k.T1R014_HCA,\'\') AS \'TOX IgG\',\r\nIFNULL(k.T2F014_HCA,\'0000-00-00\') AS \'TOX IgG\', IFNULL(k.T2R014_HCA,\'\') AS \'TOX IgG\',\r\nIFNULL(k.T3F014_HCA,\'0000-00-00\') AS \'TOX IgG\', IFNULL(k.T3R014_HCA,\'\') AS \'TOX IgG\',\r\nIFNULL(k.T1F012_HCA,\'0000-00-00\') AS \'ANTIG HB\', IFNULL(k.T1R012_HCA,\'\') AS \'ANTIG HB\',\r\nIFNULL(k.T2F012_HCA,\'0000-00-00\') AS \'ANTIG HB\', IFNULL(k.T2R012_HCA,\'\') AS \'ANTIG HB\',\r\nIFNULL(k.T3F012_HCA,\'0000-00-00\') AS \'ANTIG HB\', IFNULL(k.T3R012_HCA,\'\') AS \'ANTIG HB\',\r\nIFNULL(k.T1F007_HCA,\'0000-00-00\') AS \'UROANALISIS\', IFNULL(k.T1R007_HCA,\'\') AS \'UROANALISIS\',\r\nIFNULL(k.T2F007_HCA,\'0000-00-00\') AS \'UROANALISIS\', IFNULL(k.T2R007_HCA,\'\') AS \'UROANALISIS\',\r\nIFNULL(k.T3F007_HCA,\'0000-00-00\') AS \'UROANALISIS\', IFNULL(k.T3R007_HCA,\'\') AS \'UROANALISIS\',\r\nIFNULL(k.T1F006_HCA,\'0000-00-00\') AS \'CITOLOGÍA CERVICO-VAGINAL\', IFNULL(k.T1R006_HCA,\'\') AS \'CITOLOGÍA CERVICO-VAGINAL\',\r\nIFNULL(k.T2F006_HCA,\'0000-00-00\') AS \'CITOLOGÍA CERVICO-VAGINAL\', IFNULL(k.T2R006_HCA,\'\') AS \'CITOLOGÍA CERVICO-VAGINAL\',\r\nIFNULL(k.T3F006_HCA,\'0000-00-00\') AS \'CITOLOGÍA CERVICO-VAGINAL\', IFNULL(k.T3R006_HCA,\'\') AS \'CITOLOGÍA CERVICO-VAGINAL\',\r\nIFNULL(k.T1F005_HCA,\'0000-00-00\') AS \'FROTIS FLUJO VAGINAL\', IFNULL(k.T1R005_HCA,\'\') AS \'FROTIS FLUJO VAGINAL\',\r\nIFNULL(k.T2F005_HCA,\'0000-00-00\') AS \'FROTIS FLUJO VAGINAL\', IFNULL(k.T2R005_HCA,\'\') AS \'FROTIS FLUJO VAGINAL\',\r\nIFNULL(k.T3F005_HCA,\'0000-00-00\') AS \'FROTIS FLUJO VAGINAL\', IFNULL(k.T3R005_HCA,\'\') AS \'FROTIS FLUJO VAGINAL\',\r\nIFNULL(k.T1R020_HCA,\'0000-00-00\') AS \'ECOGRAFÍA OBSTÉTRICA\', IFNULL(k.T1R017_HCA,\'\') AS \'ECOGRAFÍA OBSTÉTRICA\',\r\nIFNULL(k.T2R020_HCA,\'0000-00-00\') AS \'ECOGRAFÍA OBSTÉTRICA\', IFNULL(k.T2R017_HCA,\'\') AS \'ECOGRAFÍA OBSTÉTRICA\',\r\nIFNULL(k.T3R020_HCA,\'0000-00-00\') AS \'ECOGRAFÍA OBSTÉTRICA\', IFNULL(k.T3R017_HCA,\'\') AS \'ECOGRAFÍA OBSTÉTRICA\',\r\n\'\' AS \'" SIFILIS GESTACIONAL\', \r\ncase when (l.C071_HCA="1" OR l.C072_HCA="1" OR l.C073_HCA="1") then \'SI\' ELSE \'NO\' end AS \'VIH GESTACIONAL\', \r\n\'\' AS \'TOXOPLASMOSIS\', \r\ncase when (l.E041_HCA="1" OR l.E043_HCA="1" OR l.E043_HCA="1") then \'SI\' ELSE \'NO\' end AS \'HIPERTENSIÓN INDUCIDA POR EL EMBARAZO (HIE)\', \r\ncase when (t.HTA_HCA="1") then \'SI\' ELSE \'NO\' end AS \'HTA\', \r\ncase when (l.C041_HCA="1" OR l.C042_HCA="1" OR l.C043_HCA="1") then \'SI\' ELSE \'NO\' end AS \'DM\',\r\n\'\' AS \'TdaP(Tétanos-Difteria-Tos ferina-Acelular) DOSIS ÚNICA A PARTIR DE LA SEM 26\', \'\' AS \'VACUNA INFLUENZA ESTACIONAL A PARTIR SEM 14\',\r\ncase when m.Codigo_SER=\'------\' then \'SI\' ELSE \'NO\' END AS \'ODONTOLOGÍA\', case when n.Codigo_SER=\'------\' then \'SI\' ELSE \'NO\' END AS \'NUTRICIÓN\', \r\ncase when o.Codigo_SER=\'------\' then \'SI\' ELSE \'NO\' END AS \'GINECOLGÍA\', case when p.Codigo_SER=\'------\' then \'SI\' ELSE \'NO\' END AS \'PSICOLOGÍA\',\r\nc.Telefono_TER AS \'TELEFONO\'\r\nFROM hcfolios a, gxpacientes b, czterceros c, cztipoid d, hcant_personales t, hcant_ginecobst e, gxareas i, gxeps j, hcembactual f LEFT JOIN hcctrlprentl g ON f.Codigo_TER=g.Codigo_TER AND g.Codigo_HCF=f.Codigo_HCF\r\nLEFT JOIN hcctrlparaobs k ON f.Codigo_TER=k.Codigo_TER AND k.Codigo_HCF=f.Codigo_HCF LEFT JOIN hcriegoobs l ON f.Codigo_TER=l.Codigo_TER AND l.Codigo_HCF=f.Codigo_HCF\r\nLEFT JOIN hcordenesservicios m ON f.Codigo_TER=m.Codigo_TER AND m.Codigo_HCF=f.Codigo_HCF AND m.TipoSer_HCS LIKE \'%ODONT%\' \r\nLEFT JOIN hcordenesservicios n ON f.Codigo_TER=n.Codigo_TER AND n.Codigo_HCF=f.Codigo_HCF AND n.TipoSer_HCS LIKE \'%NUTRIC%\' \r\nLEFT JOIN hcordenesservicios o ON f.Codigo_TER=o.Codigo_TER AND o.Codigo_HCF=f.Codigo_HCF AND o.TipoSer_HCS LIKE \'%GINEC%\' \r\nLEFT JOIN hcordenesservicios p ON f.Codigo_TER=p.Codigo_TER AND p.Codigo_HCF=f.Codigo_HCF AND p.TipoSer_HCS LIKE \'%PSICO%\' \r\nWHERE a.Codigo_TER=b.Codigo_TER AND c.Codigo_TER=b.Codigo_TER AND c.Codigo_TID=d.Codigo_TID AND e.Codigo_TER=a.Codigo_TER\r\nAND e.Codigo_HCF=a.Codigo_HCF AND a.Codigo_TER=f.Codigo_TER AND a.Codigo_HCF=f.Codigo_HCF AND i.Codigo_ARE=a.Codigo_ARE \r\nAND j.Codigo_EPS=b.Codigo_EPS AND t.Codigo_TER=a.Codigo_TER AND t.Codigo_HCF=a.Codigo_HCF\r\n\r\nAND j.Codigo_TER=\'@ENTIDAD\' AND i.Codigo_SDE=\'@SEDE\' AND a.Fecha_HCF BETWEEN \'@FECHA_INICIAL\' AND \'@FECHA_FINAL 23:59:59\'' WHERE  `Codigo_RPT`='inf_aro' AND `Codigo_DCD`=0;
CREATE TABLE `gxprgrmesp` (
	`Codigo_PRG` CHAR(6) NOT NULL,
	`Nombre_PRG` VARCHAR(50) NULL DEFAULT NULL,
	PRIMARY KEY (`Codigo_PRG`)
)
COMMENT='Programas Especiales'
COLLATE='latin1_swedish_ci'
;
INSERT INTO `gxprgrmesp` (`Codigo_PRG`, `Nombre_PRG`) VALUES ('ARO', 'RIESGO OBSTETRICO');
INSERT INTO `gxprgrmesp` (`Codigo_PRG`, `Nombre_PRG`) VALUES ('RCV', 'RIESGO CARDIO VASCULAR');
CREATE TABLE `gxprgmpctes` (
	`Codigo_PRG` CHAR(6) NOT NULL,
	`Codigo_TER` CHAR(10) NOT NULL,
	`FechaIng_PRG` DATE NOT NULL DEFAULT '0000-00-00',
	`FechaEgr_PRG` DATE NULL DEFAULT '0000-00-00',
	INDEX `Codigo_PRG` (`Codigo_PRG`),
	INDEX `Codigo_TER` (`Codigo_TER`),
	INDEX `FechaIng_PRG` (`FechaIng_PRG`),
	PRIMARY KEY (`Codigo_PRG`, `Codigo_TER`, `FechaIng_PRG`),
	CONSTRAINT `FK__gxprgrmesp` FOREIGN KEY (`Codigo_PRG`) REFERENCES `gxprgrmesp` (`Codigo_PRG`) ON UPDATE NO ACTION ON DELETE NO ACTION
)
COMMENT='Pacientes Asignados a Programas Especiales'
COLLATE='latin1_swedish_ci'
;
UPDATE `itreports` SET `SQL_RPT`='SELECT \'\' AS \'No\', MONTH(a.Fecha_HCF) AS \'MES DE ATENCIÓN\', a.Fecha_HCF AS \'FECHA DE ATENCIÓN\', \r\nb.Codigo_DEP AS \'DEPARTAMENTO\', b.Codigo_MUN AS \'MUNICIPIO\', d.Sigla_TID AS \'TIPO DE IDENTIFICACIÓN\', c.ID_TER AS \'NÚMERO DE IDENTIFICACIÓN\',\r\nb.Codigo_PLA AS \'RÉGIMEN\', b.Nombre1_PAC AS \'PRIMER NOMBRE\', b.Nombre2_PAC AS \'SEGUNDO NOMBRE\', b.Apellido1_PAC as \'PRIMER APELLIDO\', b.Apellido2_PAC AS \'SEGUNDO APELLIDO\', 	\r\nb.FechaNac_PAC AS \'FECHA DE NACIMIENTO\', TIMESTAMPDIFF(YEAR,b.FechaNac_PAC,a.Fecha_HCF) AS \'EDAD\', c.Direccion_TER AS \'DIRECCION\', b.Barrio_PAC AS \'BARRIO\',  \r\nr.FechaIng_PRG as \'FECHA DE INGRESO A LA IPS DE GESTIÓN RIESGO\', e.gFUM_HCA AS \'FECHA DE ÚLTIMA MENSTRUACION\', DATE_ADD(e.gFUM_HCA,INTERVAL 281 DAY) AS \'FECHA PROBABLE DE PARTO\',\r\nr.FechaIng_PRG as \'FECHA DE INGRESO AL CONTROL PRENATAL\', (ROUND(DATEDIFF(r.FechaIng_PRG,e.gFUM_HCA)/30)*3.89) AS \'SEMANA GESTACIÓN AL INGRESO DEL CONTROL PRENATAL\', (ROUND(DATEDIFF(a.Fecha_HCF,e.gFUM_HCA)/30)*3.89) as \'SEMANA DE GESTACIÓN ACTUAL\', f.Pesoprev_HCA AS \'PESO\', f.Talla_HCA AS \'TALLA\', f.IMC_HCA AS \'IMC\', \r\ncase  when f.IMC_HCA < 18.5 then \'BAJO PESO\' when f.IMC_HCA BETWEEN 18.5 AND 24.99 then \'NORMAL\' when f.IMC_HCA BETWEEN 25 AND 29.99 then \'SOBREPESO\' when f.IMC_HCA BETWEEN 30 AND 34.99 then \'OBESIDAD TIPO I\' when f.IMC_HCA BETWEEN 35 AND 39.99 then \'OBESIDAD TIPO II\' ELSE \'OBESIDAD TIPO III\' END as \'CLASIFICACIÓN IMC\', ifnull(g.Numero_HCA,1) AS \'NÚMERO DE CONTROL PRENATAL AL QUE ASISTE A LA FECHA\',\r\nIFNULL(k.T1F011_HCA,\'0000-00-00\') AS \'PRUEBA PRESUNTIVA (ELISA) I TRIMESTRE\', IFNULL(k.T1R011_HCA,\'\') AS \'PRUEBA PRESUNTIVA (ELISA) I TRIMESTRE\',\r\nIFNULL(k.T2F011_HCA,\'0000-00-00\') AS \'PRUEBA PRESUNTIVA (ELISA) II TRIMESTRE\', IFNULL(k.T2R011_HCA,\'\') AS \'PRUEBA PRESUNTIVA (ELISA) II TRIMESTRE\',\r\nIFNULL(k.T3F011_HCA,\'0000-00-00\') AS \'PRUEBA PRESUNTIVA (ELISA) III TRIMESTRE\', IFNULL(k.T3R011_HCA,\'\') AS \'PRUEBA PRESUNTIVA (ELISA) III TRIMESTRE\',\r\n\'0000-00-00\' AS \'FECHA PRUEBA WESTERNBLOT\', \'\' AS \'FECHA PRUEBA WESTERNBLOT\',\r\nIFNULL(k.T1F004_HCA,\'0000-00-00\') AS \'PRUEBA SEROLÓGICA PARA SIFILIS - I TRIMESTRE\', IFNULL(k.T1R004_HCA,\'\') AS \'PRUEBA SEROLÓGICA PARA SIFILIS - I TRIMESTRE\',\r\n\'\' AS \'TRATAMIENTO SIFILIS I TRIMESTRE\',\r\nIFNULL(k.T2F004_HCA,\'0000-00-00\') AS \'PRUEBA SEROLÓGICA PARA SIFILIS - II TRIMESTRE\', IFNULL(k.T2R004_HCA,\'\') AS \'PRUEBA SEROLÓGICA PARA SIFILIS - II TRIMESTRE\',\r\n\'\' AS \'TRATAMIENTO SIFILIS II TRIMESTRE\',\r\nIFNULL(k.T3F004_HCA,\'0000-00-00\') AS \'PRUEBA SEROLÓGICA PARA SIFILIS - III TRIMESTRE\', IFNULL(k.T3R004_HCA,\'\') AS \'PRUEBA SEROLÓGICA PARA SIFILIS - III TRIMESTRE\',\r\n\'\' AS \'TRATAMIENTO SIFILIS III TRIMESTRE\',\r\nIFNULL(k.T3F009_HCA,\'0000-00-00\') AS \'PRUEBA CONFIRMATORIA FTA-ABS , MHA-TP,TPHA\', IFNULL(k.T3R009_HCA,\'\') AS \'PRUEBA CONFIRMATORIA FTA-ABS , MHA-TP,TPHA\',\r\n\'\' AS \'LA PAREJA INICIO TRATAMIENTO?\',\r\ncase  when (ROUND(DATEDIFF(a.Fecha_HCF,e.gFUM_HCA)/30)*3.89) BETWEEN 0 AND 13 then l.Riesgo1T_HCA when (ROUND(DATEDIFF(a.Fecha_HCF,e.gFUM_HCA)/30)*3.89) BETWEEN 14 AND 27 then l.Riesgo2T_HCA ELSE l.Riesgo3T_HCA END AS \'CLASIFICACION DE RIESGO OBSTETRICO\',\r\n\'\' AS \'CLASIFICACION DE RIESGO OBSTETRICO\', \'\' AS \'CLASIFICACION DE RIESGO OBSTETRICO\',\r\n\'\' AS \'AC. FÓLICO\', \'\' AS \'SULFATO FERROSO\', \'\' AS \'CALCIO\',\r\nIFNULL(k.T1F001_HCA,\'0000-00-00\') AS \'HEMOGLOBINA\', IFNULL(k.T1R001_HCA,\'\') AS \'HEMOGLOBINA\',\r\nIFNULL(k.T2F001_HCA,\'0000-00-00\') AS \'HEMOGLOBINA\', IFNULL(k.T2R001_HCA,\'\') AS \'HEMOGLOBINA\',\r\nIFNULL(k.T3F001_HCA,\'0000-00-00\') AS \'HEMOGLOBINA\', IFNULL(k.T3R001_HCA,\'\') AS \'HEMOGLOBINA\',\r\nIFNULL(k.T1F002_HCA,\'0000-00-00\') AS \'HEMOCLASIFICACIÓN\', IFNULL(k.T1R002_HCA,\'\') AS \'HEMOCLASIFICACIÓN\',\r\nIFNULL(k.T2F002_HCA,\'0000-00-00\') AS \'HEMOCLASIFICACIÓN\', IFNULL(k.T2R002_HCA,\'\') AS \'HEMOCLASIFICACIÓN\',\r\nIFNULL(k.T3F002_HCA,\'0000-00-00\') AS \'HEMOCLASIFICACIÓN\', IFNULL(k.T3R002_HCA,\'\') AS \'HEMOCLASIFICACIÓN\',\r\nIFNULL(k.T1F003_HCA,\'0000-00-00\') AS \'GLICEMIA\', IFNULL(k.T1R003_HCA,\'\') AS \'GLICEMIA\',\r\nIFNULL(k.T2F003_HCA,\'0000-00-00\') AS \'GLICEMIA\', IFNULL(k.T2R003_HCA,\'\') AS \'GLICEMIA\',\r\nIFNULL(k.T3F003_HCA,\'0000-00-00\') AS \'GLICEMIA\', IFNULL(k.T3R003_HCA,\'\') AS \'GLICEMIA\',\r\nIFNULL(k.T1F014_HCA,\'0000-00-00\') AS \'TOX IgG\', IFNULL(k.T1R014_HCA,\'\') AS \'TOX IgG\',\r\nIFNULL(k.T2F014_HCA,\'0000-00-00\') AS \'TOX IgG\', IFNULL(k.T2R014_HCA,\'\') AS \'TOX IgG\',\r\nIFNULL(k.T3F014_HCA,\'0000-00-00\') AS \'TOX IgG\', IFNULL(k.T3R014_HCA,\'\') AS \'TOX IgG\',\r\nIFNULL(k.T1F012_HCA,\'0000-00-00\') AS \'ANTIG HB\', IFNULL(k.T1R012_HCA,\'\') AS \'ANTIG HB\',\r\nIFNULL(k.T2F012_HCA,\'0000-00-00\') AS \'ANTIG HB\', IFNULL(k.T2R012_HCA,\'\') AS \'ANTIG HB\',\r\nIFNULL(k.T3F012_HCA,\'0000-00-00\') AS \'ANTIG HB\', IFNULL(k.T3R012_HCA,\'\') AS \'ANTIG HB\',\r\nIFNULL(k.T1F007_HCA,\'0000-00-00\') AS \'UROANALISIS\', IFNULL(k.T1R007_HCA,\'\') AS \'UROANALISIS\',\r\nIFNULL(k.T2F007_HCA,\'0000-00-00\') AS \'UROANALISIS\', IFNULL(k.T2R007_HCA,\'\') AS \'UROANALISIS\',\r\nIFNULL(k.T3F007_HCA,\'0000-00-00\') AS \'UROANALISIS\', IFNULL(k.T3R007_HCA,\'\') AS \'UROANALISIS\',\r\nIFNULL(k.T1F006_HCA,\'0000-00-00\') AS \'CITOLOGÍA CERVICO-VAGINAL\', IFNULL(k.T1R006_HCA,\'\') AS \'CITOLOGÍA CERVICO-VAGINAL\',\r\nIFNULL(k.T2F006_HCA,\'0000-00-00\') AS \'CITOLOGÍA CERVICO-VAGINAL\', IFNULL(k.T2R006_HCA,\'\') AS \'CITOLOGÍA CERVICO-VAGINAL\',\r\nIFNULL(k.T3F006_HCA,\'0000-00-00\') AS \'CITOLOGÍA CERVICO-VAGINAL\', IFNULL(k.T3R006_HCA,\'\') AS \'CITOLOGÍA CERVICO-VAGINAL\',\r\nIFNULL(k.T1F005_HCA,\'0000-00-00\') AS \'FROTIS FLUJO VAGINAL\', IFNULL(k.T1R005_HCA,\'\') AS \'FROTIS FLUJO VAGINAL\',\r\nIFNULL(k.T2F005_HCA,\'0000-00-00\') AS \'FROTIS FLUJO VAGINAL\', IFNULL(k.T2R005_HCA,\'\') AS \'FROTIS FLUJO VAGINAL\',\r\nIFNULL(k.T3F005_HCA,\'0000-00-00\') AS \'FROTIS FLUJO VAGINAL\', IFNULL(k.T3R005_HCA,\'\') AS \'FROTIS FLUJO VAGINAL\',\r\nIFNULL(k.T1R020_HCA,\'0000-00-00\') AS \'ECOGRAFÍA OBSTÉTRICA\', IFNULL(k.T1R017_HCA,\'\') AS \'ECOGRAFÍA OBSTÉTRICA\',\r\nIFNULL(k.T2R020_HCA,\'0000-00-00\') AS \'ECOGRAFÍA OBSTÉTRICA\', IFNULL(k.T2R017_HCA,\'\') AS \'ECOGRAFÍA OBSTÉTRICA\',\r\nIFNULL(k.T3R020_HCA,\'0000-00-00\') AS \'ECOGRAFÍA OBSTÉTRICA\', IFNULL(k.T3R017_HCA,\'\') AS \'ECOGRAFÍA OBSTÉTRICA\',\r\ncase when (k.T1R004_HCA LIKE "N%" OR k.T2R004_HCA LIKE "N%" OR k.T3R004_HCA LIKE "N%") then \'NO\' ELSE \'SI\' end AS \'SIFILIS GESTACIONAL\', \r\ncase when (l.C071_HCA="1" OR l.C072_HCA="1" OR l.C073_HCA="1") then \'SI\' ELSE \'NO\' end AS \'VIH GESTACIONAL\', \r\ncase when (k.T1R014_HCA="1" OR k.T2R014_HCA="1" OR k.T3R014_HCA="1" OR k.T1R015_HCA="1" OR k.T2R015_HCA="1" OR k.T3R015_HCA="1") then \'SI\' ELSE \'NO\' end AS \'TOXOPLASMOSIS\', \r\ncase when (l.E041_HCA="1" OR l.E043_HCA="1" OR l.E043_HCA="1") then \'SI\' ELSE \'NO\' end AS \'HIPERTENSIÓN INDUCIDA POR EL EMBARAZO (HIE)\', \r\ncase when (t.HTA_HCA="1") then \'SI\' ELSE \'NO\' end AS \'HTA\', \r\ncase when (l.C041_HCA="1" OR l.C042_HCA="1" OR l.C043_HCA="1") then \'SI\' ELSE \'NO\' end AS \'DM\',\r\n\'\' AS \'TdaP(Tétanos-Difteria-Tos ferina-Acelular) DOSIS ÚNICA A PARTIR DE LA SEM 26\', \'\' AS \'VACUNA INFLUENZA ESTACIONAL A PARTIR SEM 14\',\r\ncase when m.Codigo_SER=\'------\' then \'SI\' ELSE \'NO\' END AS \'ODONTOLOGÍA\', case when n.Codigo_SER=\'------\' then \'SI\' ELSE \'NO\' END AS \'NUTRICIÓN\', \r\ncase when o.Codigo_SER=\'------\' then \'SI\' ELSE \'NO\' END AS \'GINECOLGÍA\', case when p.Codigo_SER=\'------\' then \'SI\' ELSE \'NO\' END AS \'PSICOLOGÍA\',\r\nc.Telefono_TER AS \'TELEFONO\'\r\nFROM hcfolios a, gxpacientes b, czterceros c, cztipoid d, hcant_personales t, hcant_ginecobst e, gxareas i, gxeps j, gxprgmpctes r, hcembactual f LEFT JOIN hcctrlprentl g ON f.Codigo_TER=g.Codigo_TER AND g.Codigo_HCF=f.Codigo_HCF\r\nLEFT JOIN hcctrlparaobs k ON f.Codigo_TER=k.Codigo_TER AND k.Codigo_HCF=f.Codigo_HCF LEFT JOIN hcriegoobs l ON f.Codigo_TER=l.Codigo_TER AND l.Codigo_HCF=f.Codigo_HCF\r\nLEFT JOIN hcordenesservicios m ON f.Codigo_TER=m.Codigo_TER AND m.Codigo_HCF=f.Codigo_HCF AND m.TipoSer_HCS LIKE \'%ODONT%\' \r\nLEFT JOIN hcordenesservicios n ON f.Codigo_TER=n.Codigo_TER AND n.Codigo_HCF=f.Codigo_HCF AND n.TipoSer_HCS LIKE \'%NUTRIC%\' \r\nLEFT JOIN hcordenesservicios o ON f.Codigo_TER=o.Codigo_TER AND o.Codigo_HCF=f.Codigo_HCF AND o.TipoSer_HCS LIKE \'%GINEC%\' \r\nLEFT JOIN hcordenesservicios p ON f.Codigo_TER=p.Codigo_TER AND p.Codigo_HCF=f.Codigo_HCF AND p.TipoSer_HCS LIKE \'%PSICO%\' \r\nWHERE a.Codigo_TER=b.Codigo_TER AND c.Codigo_TER=b.Codigo_TER AND c.Codigo_TID=d.Codigo_TID AND e.Codigo_TER=a.Codigo_TER\r\nAND e.Codigo_HCF=a.Codigo_HCF AND a.Codigo_TER=f.Codigo_TER AND a.Codigo_HCF=f.Codigo_HCF AND i.Codigo_ARE=a.Codigo_ARE \r\nAND j.Codigo_EPS=b.Codigo_EPS AND t.Codigo_TER=a.Codigo_TER AND t.Codigo_HCF=a.Codigo_HCF AND r.Codigo_TER=a.Codigo_TER AND r.Codigo_PRG=\'ARO\'\r\nAND a.Fecha_HCF>=r.FechaIng_PRG AND (a.Fecha_HCF<=r.FechaEgr_PRG OR r.FechaEgr_PRG=\'0000-00-00\')\r\n\r\nAND j.Codigo_TER=\'@ENTIDAD\' AND i.Codigo_SDE=\'@SEDE\' AND a.Fecha_HCF BETWEEN \'@FECHA_INICIAL\' AND \'@FECHA_FINAL 23:59:59\'' WHERE  `Codigo_RPT`='inf_aro' AND `Codigo_DCD`=0;
UPDATE `itreports` SET `SQL_RPT`='SELECT \'\' AS \'No\', MONTH(a.Fecha_HCF) AS \'MES DE ATENCIÓN\', a.Fecha_HCF AS \'FECHA DE ATENCIÓN\', \r\nb.Codigo_DEP AS \'DEPARTAMENTO\', b.Codigo_MUN AS \'MUNICIPIO\', d.Sigla_TID AS \'TIPO DE IDENTIFICACIÓN\', c.ID_TER AS \'NÚMERO DE IDENTIFICACIÓN\',\r\nb.Codigo_PLA AS \'RÉGIMEN\', b.Nombre1_PAC AS \'PRIMER NOMBRE\', b.Nombre2_PAC AS \'SEGUNDO NOMBRE\', b.Apellido1_PAC as \'PRIMER APELLIDO\', b.Apellido2_PAC AS \'SEGUNDO APELLIDO\', 	\r\nb.FechaNac_PAC AS \'FECHA DE NACIMIENTO\', TIMESTAMPDIFF(YEAR,b.FechaNac_PAC,a.Fecha_HCF) AS \'EDAD\', c.Direccion_TER AS \'DIRECCION\', b.Barrio_PAC AS \'BARRIO\',  \r\nr.FechaIng_PRG as \'FECHA DE INGRESO A LA IPS DE GESTIÓN RIESGO\', e.gFUM_HCA AS \'FECHA DE ÚLTIMA MENSTRUACION\', DATE_ADD(e.gFUM_HCA,INTERVAL 281 DAY) AS \'FECHA PROBABLE DE PARTO\',\r\nr.FechaIng_PRG as \'FECHA DE INGRESO AL CONTROL PRENATAL\', (ROUND(DATEDIFF(r.FechaIng_PRG,e.gFUM_HCA)/30)*3.89) AS \'SEMANA GESTACIÓN AL INGRESO DEL CONTROL PRENATAL\', (ROUND(DATEDIFF(a.Fecha_HCF,e.gFUM_HCA)/30)*3.89) as \'SEMANA DE GESTACIÓN ACTUAL\', f.Pesoprev_HCA AS \'PESO\', f.Talla_HCA AS \'TALLA\', f.IMC_HCA AS \'IMC\', \r\ncase  when f.IMC_HCA < 18.5 then \'BAJO PESO\' when f.IMC_HCA BETWEEN 18.5 AND 24.99 then \'NORMAL\' when f.IMC_HCA BETWEEN 25 AND 29.99 then \'SOBREPESO\' when f.IMC_HCA BETWEEN 30 AND 34.99 then \'OBESIDAD TIPO I\' when f.IMC_HCA BETWEEN 35 AND 39.99 then \'OBESIDAD TIPO II\' ELSE \'OBESIDAD TIPO III\' END as \'CLASIFICACIÓN IMC\', a.Folio_HCF AS \'NÚMERO DE CONTROL PRENATAL AL QUE ASISTE A LA FECHA\',\r\nIFNULL(k.T1F011_HCA,\'0000-00-00\') AS \'PRUEBA PRESUNTIVA (ELISA) I TRIMESTRE\', IFNULL(k.T1R011_HCA,\'\') AS \'PRUEBA PRESUNTIVA (ELISA) I TRIMESTRE\',\r\nIFNULL(k.T2F011_HCA,\'0000-00-00\') AS \'PRUEBA PRESUNTIVA (ELISA) II TRIMESTRE\', IFNULL(k.T2R011_HCA,\'\') AS \'PRUEBA PRESUNTIVA (ELISA) II TRIMESTRE\',\r\nIFNULL(k.T3F011_HCA,\'0000-00-00\') AS \'PRUEBA PRESUNTIVA (ELISA) III TRIMESTRE\', IFNULL(k.T3R011_HCA,\'\') AS \'PRUEBA PRESUNTIVA (ELISA) III TRIMESTRE\',\r\n\'0000-00-00\' AS \'FECHA PRUEBA WESTERNBLOT\', \'\' AS \'FECHA PRUEBA WESTERNBLOT\',\r\nIFNULL(k.T1F004_HCA,\'0000-00-00\') AS \'PRUEBA SEROLÓGICA PARA SIFILIS - I TRIMESTRE\', IFNULL(k.T1R004_HCA,\'\') AS \'PRUEBA SEROLÓGICA PARA SIFILIS - I TRIMESTRE\',\r\n\'\' AS \'TRATAMIENTO SIFILIS I TRIMESTRE\',\r\nIFNULL(k.T2F004_HCA,\'0000-00-00\') AS \'PRUEBA SEROLÓGICA PARA SIFILIS - II TRIMESTRE\', IFNULL(k.T2R004_HCA,\'\') AS \'PRUEBA SEROLÓGICA PARA SIFILIS - II TRIMESTRE\',\r\n\'\' AS \'TRATAMIENTO SIFILIS II TRIMESTRE\',\r\nIFNULL(k.T3F004_HCA,\'0000-00-00\') AS \'PRUEBA SEROLÓGICA PARA SIFILIS - III TRIMESTRE\', IFNULL(k.T3R004_HCA,\'\') AS \'PRUEBA SEROLÓGICA PARA SIFILIS - III TRIMESTRE\',\r\n\'\' AS \'TRATAMIENTO SIFILIS III TRIMESTRE\',\r\nIFNULL(k.T3F009_HCA,\'0000-00-00\') AS \'PRUEBA CONFIRMATORIA FTA-ABS , MHA-TP,TPHA\', IFNULL(k.T3R009_HCA,\'\') AS \'PRUEBA CONFIRMATORIA FTA-ABS , MHA-TP,TPHA\',\r\n\'\' AS \'LA PAREJA INICIO TRATAMIENTO?\',\r\ncase when case  when (ROUND(DATEDIFF(a.Fecha_HCF,e.gFUM_HCA)/30)*3.89) BETWEEN 0 AND 13 then l.Riesgo1T_HCA when (ROUND(DATEDIFF(a.Fecha_HCF,e.gFUM_HCA)/30)*3.89) BETWEEN 14 AND 27 then l.Riesgo2T_HCA ELSE l.Riesgo3T_HCA END =\'A\' then \'ARO\' ELSE \'BRO\' end AS \'CLASIFICACION DE RIESGO OBSTETRICO\',\r\ncase  when (ROUND(DATEDIFF(a.Fecha_HCF,e.gFUM_HCA)/30)*3.89) BETWEEN 0 AND 13 then \r\n   if(l.Riesgo1T_HCA <>\'A\',\'\',\r\n       case when l.C021_HCA=\'1\' then \'ENFERMEDAD RENAL CRÓNICA\'\r\n       when l.C071_HCA=\'1\' then \'ENFERMEDADES AUTOINMUNES\'\r\n		 when l.C061_HCA=\'1\' then \'ENFERMEDADES INFESIOSAS AGUDAS (BACTERIANAS)\'\r\n		 when l.Edad_HCA=\'< 16\' then \'GESTANTE ADOLECENTE\'\r\n		 when l.Edad_HCA=\'> 35\' then \'GESTANTE AÑOSA\'\r\n		 when l.E011_HCA=\'1\' then \'HEMORRAGIA VAGINAL ANTES 20 SEMANAS\'\r\n		 when l.E041_HCA=\'1\' then \'HIPERTENSIÓN PREVIA\'\r\n		 when l.C071_HCA=\'1\' then \'INFECCIÓN POR VIH\'\r\n		 when l.E111_HCA=\'1\' then \'INFECCIÓN VÍAS URINARIAS A REPETICIÓN\'\r\n		 when l.E101_HCA=\'1\' then \'ISOINMUNIZACIÓN RH\'\r\n		 when l.E091_HCA=\'1\' then \'MALA PRESENTACIÓN\'\r\n		 when l.E081_HCA=\'1\' then \'MULTIPARIDAD\'\r\n		 when l.E061_HCA=\'1\' then \'POLIDRAMNIOS\'\r\n		 when t.Preclamsia_HCA=\'1\' then \'PREECLAMPSIA\'\r\n		 when l.E071_HCA=\'1\' then \'RETARDO DEL CRECIMIENTO INTRAUTERINO\'\r\n		 when (l.C091_HCA=\'1\' OR l.C101_HCA=\'1\' OR l.C111_HCA=\'1\' OR l.C121_HCA=\'1\' OR l.C131_HCA=\'1\' OR l.C141_HCA=\'1\')  then \'RIESGO PSICOSOCIAL\'\r\n		 when l.E051_HCA=\'1\' then \'RUPTURA PREMATURA DE MEMBRANAS\'\r\n 		 when k.T1R004_HCA not LIKE \'N%\' then \'SIFILIS GESTIONAL\'\r\n		 when l.E061_HCA=\'1\' then \'POLIDRAMNIOS\'\r\n		 else\r\n		   case when TIMESTAMPDIFF(YEAR,b.FechaNac_PAC,a.Fecha_HCF)< 16 then \'GESTANTE ADOLECENTE\'\r\n		   when TIMESTAMPDIFF(YEAR,b.FechaNac_PAC,a.Fecha_HCF)> 16 then \'GESTANTE AÑOSA\'\r\n		   else\r\n		   \'HEMORRAGIA VAGINAL ANTES 20 SEMANAS\'\r\n		   end\r\n		 end\r\n	)\r\n      when (ROUND(DATEDIFF(a.Fecha_HCF,e.gFUM_HCA)/30)*3.89) BETWEEN 14 AND 27 then \r\n	if(l.Riesgo2T_HCA <>\'A\', \'\',\r\n		case when l.C022_HCA=\'1\' then \'ENFERMEDAD RENAL CRÓNICA\'\r\n       when l.C072_HCA=\'1\' then \'ENFERMEDADES AUTOINMUNES\'\r\n		 when l.C062_HCA=\'1\' then \'ENFERMEDADES INFESIOSAS AGUDAS (BACTERIANAS)\'\r\n		 when l.Edad_HCA=\'< 16\' then \'GESTANTE ADOLECENTE\'\r\n		 when l.Edad_HCA=\'> 35\' then \'GESTANTE AÑOSA\'\r\n		 when l.E012_HCA=\'1\' then \'HEMORRAGIA VAGINAL ANTES 20 SEMANAS\'\r\n		 when l.E022_HCA=\'1\' then \'HEMORRAGIA VAGINAL DESPUES 20 SEMANAS\'\r\n		 when l.E042_HCA=\'1\' then \'HIPERTENSIÓN PREVIA\'\r\n		 when l.C072_HCA=\'1\' then \'INFECCIÓN POR VIH\'\r\n		 when l.E112_HCA=\'1\' then \'INFECCIÓN VÍAS URINARIAS A REPETICIÓN\'\r\n		 when l.E102_HCA=\'1\' then \'ISOINMUNIZACIÓN RH\'\r\n		 when l.E092_HCA=\'1\' then \'MALA PRESENTACIÓN\'\r\n		 when l.E082_HCA=\'1\' then \'MULTIPARIDAD\'\r\n		 when l.E062_HCA=\'1\' then \'POLIDRAMNIOS\'\r\n		 when t.Preclamsia_HCA=\'1\' then \'PREECLAMPSIA\'\r\n		 when l.E072_HCA=\'1\' then \'RETARDO DEL CRECIMIENTO INTRAUTERINO\'\r\n		 when (l.C092_HCA=\'1\' OR l.C102_HCA=\'1\' OR l.C112_HCA=\'1\' OR l.C122_HCA=\'1\' OR l.C132_HCA=\'1\' OR l.C142_HCA=\'1\')  then \'RIESGO PSICOSOCIAL\'\r\n		 when l.E052_HCA=\'1\' then \'RUPTURA PREMATURA DE MEMBRANAS\'\r\n 		 when k.T2R004_HCA not LIKE \'N%\' then \'SIFILIS GESTIONAL\'\r\n		 when l.E062_HCA=\'1\' then \'POLIDRAMNIOS\'\r\n		else\r\n		   case when TIMESTAMPDIFF(YEAR,b.FechaNac_PAC,a.Fecha_HCF)< 16 then \'GESTANTE ADOLECENTE\'\r\n		   when TIMESTAMPDIFF(YEAR,b.FechaNac_PAC,a.Fecha_HCF)> 16 then \'GESTANTE AÑOSA\'\r\n		   else\r\n		   \'INFECCIÓN VÍAS URINARIAS A REPETICIÓN\'\r\n		   end\r\n		 end\r\n	)\r\n		ELSE \r\n	if(l.Riesgo3T_HCA <>\'A\', \'\',\r\n		case when l.C023_HCA=\'1\' then \'ENFERMEDAD RENAL CRÓNICA\'\r\n       when l.C073_HCA=\'1\' then \'ENFERMEDADES AUTOINMUNES\'\r\n		 when l.C063_HCA=\'1\' then \'ENFERMEDADES INFESIOSAS AGUDAS (BACTERIANAS)\'\r\n		 when l.Edad_HCA=\'< 16\' then \'GESTANTE ADOLECENTE\'\r\n		 when l.Edad_HCA=\'> 35\' then \'GESTANTE AÑOSA\'\r\n		 when l.E023_HCA=\'1\' then \'HEMORRAGIA VAGINAL DESPUES 20 SEMANAS\'\r\n		 when l.E043_HCA=\'1\' then \'HIPERTENSIÓN PREVIA\'\r\n		 when l.C073_HCA=\'1\' then \'INFECCIÓN POR VIH\'\r\n		 when l.E113_HCA=\'1\' then \'INFECCIÓN VÍAS URINARIAS A REPETICIÓN\'\r\n		 when l.E103_HCA=\'1\' then \'ISOINMUNIZACIÓN RH\'\r\n		 when l.E093_HCA=\'1\' then \'MALA PRESENTACIÓN\'\r\n		 when l.E083_HCA=\'1\' then \'MULTIPARIDAD\'\r\n		 when l.E063_HCA=\'1\' then \'POLIDRAMNIOS\'\r\n		 when t.Preclamsia_HCA=\'1\' then \'PREECLAMPSIA\'\r\n		 when l.E073_HCA=\'1\' then \'RETARDO DEL CRECIMIENTO INTRAUTERINO\'\r\n		 when (l.C093_HCA=\'1\' OR l.C103_HCA=\'1\' OR l.C113_HCA=\'1\' OR l.C123_HCA=\'1\' OR l.C133_HCA=\'1\' OR l.C143_HCA=\'1\')  then \'RIESGO PSICOSOCIAL\'\r\n		 when l.E053_HCA=\'1\' then \'RUPTURA PREMATURA DE MEMBRANAS\'\r\n 		 when k.T3R004_HCA not LIKE \'N%\' then \'SIFILIS GESTIONAL\'\r\n		 when l.E063_HCA=\'1\' then \'POLIDRAMNIOS\'\r\n		 else\r\n		   case when TIMESTAMPDIFF(YEAR,b.FechaNac_PAC,a.Fecha_HCF)< 16 then \'GESTANTE ADOLECENTE\'\r\n		   when TIMESTAMPDIFF(YEAR,b.FechaNac_PAC,a.Fecha_HCF)> 16 then \'GESTANTE AÑOSA\'\r\n		   else\r\n		   \'INFECCIÓN VÍAS URINARIAS A REPETICIÓN\'\r\n		   end\r\n		 end\r\n	)\r\nEND AS \'CLASIFICACION DE RIESGO OBSTETRICO\',\r\n\'\' AS \'AC. FÓLICO\', \'\' AS \'SULFATO FERROSO\', \'\' AS \'CALCIO\',\r\nIFNULL(k.T1F001_HCA,\'0000-00-00\') AS \'HEMOGLOBINA\', IFNULL(k.T1R001_HCA,\'\') AS \'HEMOGLOBINA\',\r\nIFNULL(k.T2F001_HCA,\'0000-00-00\') AS \'HEMOGLOBINA\', IFNULL(k.T2R001_HCA,\'\') AS \'HEMOGLOBINA\',\r\nIFNULL(k.T3F001_HCA,\'0000-00-00\') AS \'HEMOGLOBINA\', IFNULL(k.T3R001_HCA,\'\') AS \'HEMOGLOBINA\',\r\nIFNULL(k.T1F002_HCA,\'0000-00-00\') AS \'HEMOCLASIFICACIÓN\', IFNULL(k.T1R002_HCA,\'\') AS \'HEMOCLASIFICACIÓN\',\r\nIFNULL(k.T2F002_HCA,\'0000-00-00\') AS \'HEMOCLASIFICACIÓN\', IFNULL(k.T2R002_HCA,\'\') AS \'HEMOCLASIFICACIÓN\',\r\nIFNULL(k.T3F002_HCA,\'0000-00-00\') AS \'HEMOCLASIFICACIÓN\', IFNULL(k.T3R002_HCA,\'\') AS \'HEMOCLASIFICACIÓN\',\r\nIFNULL(k.T1F003_HCA,\'0000-00-00\') AS \'GLICEMIA\', IFNULL(k.T1R003_HCA,\'\') AS \'GLICEMIA\',\r\nIFNULL(k.T2F003_HCA,\'0000-00-00\') AS \'GLICEMIA\', IFNULL(k.T2R003_HCA,\'\') AS \'GLICEMIA\',\r\nIFNULL(k.T3F003_HCA,\'0000-00-00\') AS \'GLICEMIA\', IFNULL(k.T3R003_HCA,\'\') AS \'GLICEMIA\',\r\nIFNULL(k.T1F014_HCA,\'0000-00-00\') AS \'TOX IgG\', IFNULL(k.T1R014_HCA,\'\') AS \'TOX IgG\',\r\nIFNULL(k.T2F014_HCA,\'0000-00-00\') AS \'TOX IgG\', IFNULL(k.T2R014_HCA,\'\') AS \'TOX IgG\',\r\nIFNULL(k.T3F014_HCA,\'0000-00-00\') AS \'TOX IgG\', IFNULL(k.T3R014_HCA,\'\') AS \'TOX IgG\',\r\nIFNULL(k.T1F012_HCA,\'0000-00-00\') AS \'ANTIG HB\', IFNULL(k.T1R012_HCA,\'\') AS \'ANTIG HB\',\r\nIFNULL(k.T2F012_HCA,\'0000-00-00\') AS \'ANTIG HB\', IFNULL(k.T2R012_HCA,\'\') AS \'ANTIG HB\',\r\nIFNULL(k.T3F012_HCA,\'0000-00-00\') AS \'ANTIG HB\', IFNULL(k.T3R012_HCA,\'\') AS \'ANTIG HB\',\r\nIFNULL(k.T1F007_HCA,\'0000-00-00\') AS \'UROANALISIS\', IFNULL(k.T1R007_HCA,\'\') AS \'UROANALISIS\',\r\nIFNULL(k.T2F007_HCA,\'0000-00-00\') AS \'UROANALISIS\', IFNULL(k.T2R007_HCA,\'\') AS \'UROANALISIS\',\r\nIFNULL(k.T3F007_HCA,\'0000-00-00\') AS \'UROANALISIS\', IFNULL(k.T3R007_HCA,\'\') AS \'UROANALISIS\',\r\nIFNULL(k.T1F006_HCA,\'0000-00-00\') AS \'CITOLOGÍA CERVICO-VAGINAL\', IFNULL(k.T1R006_HCA,\'\') AS \'CITOLOGÍA CERVICO-VAGINAL\',\r\nIFNULL(k.T2F006_HCA,\'0000-00-00\') AS \'CITOLOGÍA CERVICO-VAGINAL\', IFNULL(k.T2R006_HCA,\'\') AS \'CITOLOGÍA CERVICO-VAGINAL\',\r\nIFNULL(k.T3F006_HCA,\'0000-00-00\') AS \'CITOLOGÍA CERVICO-VAGINAL\', IFNULL(k.T3R006_HCA,\'\') AS \'CITOLOGÍA CERVICO-VAGINAL\',\r\nIFNULL(k.T1F005_HCA,\'0000-00-00\') AS \'FROTIS FLUJO VAGINAL\', IFNULL(k.T1R005_HCA,\'\') AS \'FROTIS FLUJO VAGINAL\',\r\nIFNULL(k.T2F005_HCA,\'0000-00-00\') AS \'FROTIS FLUJO VAGINAL\', IFNULL(k.T2R005_HCA,\'\') AS \'FROTIS FLUJO VAGINAL\',\r\nIFNULL(k.T3F005_HCA,\'0000-00-00\') AS \'FROTIS FLUJO VAGINAL\', IFNULL(k.T3R005_HCA,\'\') AS \'FROTIS FLUJO VAGINAL\',\r\nIFNULL(k.T1R020_HCA,\'0000-00-00\') AS \'ECOGRAFÍA OBSTÉTRICA\', IFNULL(k.T1R017_HCA,\'\') AS \'ECOGRAFÍA OBSTÉTRICA\',\r\nIFNULL(k.T2R020_HCA,\'0000-00-00\') AS \'ECOGRAFÍA OBSTÉTRICA\', IFNULL(k.T2R017_HCA,\'\') AS \'ECOGRAFÍA OBSTÉTRICA\',\r\nIFNULL(k.T3R020_HCA,\'0000-00-00\') AS \'ECOGRAFÍA OBSTÉTRICA\', IFNULL(k.T3R017_HCA,\'\') AS \'ECOGRAFÍA OBSTÉTRICA\',\r\ncase when (k.T1R004_HCA LIKE "N%" OR k.T2R004_HCA LIKE "N%" OR k.T3R004_HCA LIKE "N%") then \'NO\' ELSE \'SI\' end AS \'SIFILIS GESTACIONAL\', \r\ncase when (l.C071_HCA="1" OR l.C072_HCA="1" OR l.C073_HCA="1") then \'SI\' ELSE \'NO\' end AS \'VIH GESTACIONAL\', \r\ncase when (k.T1R014_HCA="1" OR k.T2R014_HCA="1" OR k.T3R014_HCA="1" OR k.T1R015_HCA="1" OR k.T2R015_HCA="1" OR k.T3R015_HCA="1") then \'SI\' ELSE \'NO\' end AS \'TOXOPLASMOSIS\', \r\ncase when (l.E041_HCA="1" OR l.E043_HCA="1" OR l.E043_HCA="1") then \'SI\' ELSE \'NO\' end AS \'HIPERTENSIÓN INDUCIDA POR EL EMBARAZO (HIE)\', \r\ncase when (t.HTA_HCA="1") then \'SI\' ELSE \'NO\' end AS \'HTA\', \r\ncase when (l.C041_HCA="1" OR l.C042_HCA="1" OR l.C043_HCA="1") then \'SI\' ELSE \'NO\' end AS \'DM\',\r\n\'\' AS \'TdaP(Tétanos-Difteria-Tos ferina-Acelular) DOSIS ÚNICA A PARTIR DE LA SEM 26\', \'\' AS \'VACUNA INFLUENZA ESTACIONAL A PARTIR SEM 14\',\r\ncase when m.Codigo_SER=\'------\' then \'SI\' ELSE \'NO\' END AS \'ODONTOLOGÍA\', case when n.Codigo_SER=\'------\' then \'SI\' ELSE \'NO\' END AS \'NUTRICIÓN\', \r\ncase when o.Codigo_SER=\'------\' then \'SI\' ELSE \'NO\' END AS \'GINECOLGÍA\', case when p.Codigo_SER=\'------\' then \'SI\' ELSE \'NO\' END AS \'PSICOLOGÍA\',\r\nc.Telefono_TER AS \'TELEFONO\'\r\nFROM hcfolios a, gxpacientes b, czterceros c, cztipoid d, hcant_personales t, hcant_ginecobst e, gxareas i, gxeps j, gxprgmpctes r, hcembactual f LEFT JOIN hcctrlprentl g ON f.Codigo_TER=g.Codigo_TER AND g.Codigo_HCF=f.Codigo_HCF\r\nLEFT JOIN hcctrlparaobs k ON f.Codigo_TER=k.Codigo_TER AND k.Codigo_HCF=f.Codigo_HCF LEFT JOIN hcriegoobs l ON f.Codigo_TER=l.Codigo_TER AND l.Codigo_HCF=f.Codigo_HCF\r\nLEFT JOIN hcordenesservicios m ON f.Codigo_TER=m.Codigo_TER AND m.Codigo_HCF=f.Codigo_HCF AND m.TipoSer_HCS LIKE \'%ODONT%\' \r\nLEFT JOIN hcordenesservicios n ON f.Codigo_TER=n.Codigo_TER AND n.Codigo_HCF=f.Codigo_HCF AND n.TipoSer_HCS LIKE \'%NUTRIC%\' \r\nLEFT JOIN hcordenesservicios o ON f.Codigo_TER=o.Codigo_TER AND o.Codigo_HCF=f.Codigo_HCF AND o.TipoSer_HCS LIKE \'%GINEC%\' \r\nLEFT JOIN hcordenesservicios p ON f.Codigo_TER=p.Codigo_TER AND p.Codigo_HCF=f.Codigo_HCF AND p.TipoSer_HCS LIKE \'%PSICO%\' \r\nWHERE a.Codigo_TER=b.Codigo_TER AND c.Codigo_TER=b.Codigo_TER AND c.Codigo_TID=d.Codigo_TID AND e.Codigo_TER=a.Codigo_TER\r\nAND e.Codigo_HCF=a.Codigo_HCF AND a.Codigo_TER=f.Codigo_TER AND a.Codigo_HCF=f.Codigo_HCF AND i.Codigo_ARE=a.Codigo_ARE \r\nAND j.Codigo_EPS=b.Codigo_EPS AND t.Codigo_TER=a.Codigo_TER AND t.Codigo_HCF=a.Codigo_HCF AND r.Codigo_TER=a.Codigo_TER AND r.Codigo_PRG=\'ARO\'\r\nAND a.Fecha_HCF>=r.FechaIng_PRG AND (a.Fecha_HCF<=r.FechaEgr_PRG OR r.FechaEgr_PRG=\'0000-00-00\')\r\n\r\nAND j.Codigo_TER=\'@ENTIDAD\' AND i.Codigo_SDE=\'@SEDE\' AND a.Fecha_HCF BETWEEN \'@FECHA_INICIAL\' AND \'@FECHA_FINAL 23:59:59\'' WHERE  `Codigo_RPT`='inf_aro' AND `Codigo_DCD`=0;
UPDATE `itreports` SET `SQL_RPT`='SELECT \'\' AS \'No\', MONTH(a.Fecha_HCF) AS \'MES DE ATENCIÓN\', a.Fecha_HCF AS \'FECHA DE ATENCIÓN\', \r\nb.Codigo_DEP AS \'DEPARTAMENTO\', b.Codigo_MUN AS \'MUNICIPIO\', d.Sigla_TID AS \'TIPO DE IDENTIDAD\', c.ID_TER AS \'NÚMERO DE IDENTIDAD\',\r\nb.Codigo_PLA AS \'RÉGIMEN\', b.Nombre1_PAC AS \'PRIMER NOMBRE\', b.Nombre2_PAC AS \'SEGUNDO NOMBRE\', b.Apellido1_PAC as \'PRIMER APELLIDO\', b.Apellido2_PAC AS \'SEGUNDO APELLIDO\', 	\r\nb.FechaNac_PAC AS \'FECHA DE NACIMIENTO\', TIMESTAMPDIFF(YEAR,b.FechaNac_PAC,a.Fecha_HCF) AS \'EDAD\', b.Codigo_SEX AS \'SEXO\', c.Direccion_TER AS \'DIRECCION\', b.Barrio_PAC AS \'BARRIO\', c.Telefono_TER AS \'TELEFONO\'\r\n, CONCAT(e.Razonsocial_DCD,\' Sede \', q.Nombre_SDE), \r\ncase when r.Codigo_DGN LIKE \'E10%\' Then \r\n	case when r.CodigoR_DGN LIKE \'I%\' then \'HTA + DM Tipo I\'\r\n	ELSE \'Diabetes Mellitus Tipo I\' END\r\n when r.Codigo_DGN LIKE \'E11%\' Then \r\n	case when r.CodigoR_DGN LIKE \'I%\' then \'HTA + DM Tipo II\'\r\n	ELSE \'Diabetes Mellitus Tipo II\' END\r\n when r.Codigo_DGN LIKE \'I%\' then\r\n   case when r.CodigoR_DGN LIKE \'E10%\' then \'HTA + DM Tipo I\'\r\n   when r.CodigoR_DGN LIKE \'E11%\' then \'HTA + DM Tipo II\'\r\n   ELSE \'Hipertensión Arterial\' end\r\nEND AS \'DIAGNÓSTICO\',\r\nt.FechaIng_PRG AS \'FECHA DE DIAGNÓSTICO \', \'\' AS \'DIAGNÓSTICO SECUNDARIO - COMPLICACIONES PRESENTADAS\', \'\' AS \'CUÁL?\',\r\nv04.Valor_HSV AS \'PESO (kgs)\', v05.Valor_HSV AS \'TALLA\', v07.Valor_HSV AS \'IMC\', case  when v07.Valor_HSV < 18.5 then \'BAJO PESO\' when v07.Valor_HSV BETWEEN 18.5 AND 24.99 then \'NORMAL\' when v07.Valor_HSV BETWEEN 25 AND 29.99 then \'SOBREPESO\' when v07.Valor_HSV BETWEEN 30 AND 34.99 then \'OBESIDAD TIPO I\' when v07.Valor_HSV BETWEEN 35 AND 39.99 then \'OBESIDAD TIPO II\' ELSE \'OBESIDAD TIPO III\' END as \'CLASIFICACIÓN IMC\',\r\nv13.Valor_HSV AS \'SISTÓLICA\', v13.Valor_HSV AS \'DIASTÓLICA\'\r\n\r\n\r\nFROM hcfolios a, gxpacientes b, czterceros c, cztipoid d, itconfig e, czsedes q, gxareas i, gxeps j, hcdiagnosticos r, gxprgmpctes t, \r\nhcsignosvitales v04, hcsignosvitales v05,  hcsignosvitales v07, hcsignosvitales v13\r\n\r\nWHERE a.Codigo_TER=b.Codigo_TER AND c.Codigo_TER=b.Codigo_TER AND c.Codigo_TID=d.Codigo_TID \r\nAND i.Codigo_ARE=a.Codigo_ARE AND j.Codigo_EPS=b.Codigo_EPS AND t.Codigo_TER=a.Codigo_TER AND t.Codigo_PRG=\'RCV\'\r\nAND q.Codigo_SDE=i.Codigo_SDE AND r.Codigo_TER=a.Codigo_TER AND r.Codigo_HCF=a.Codigo_HCF AND v04.Codigo_TER=a.Codigo_TER AND v04.Codigo_HCF=a.Codigo_HCF\r\nAND v05.Codigo_TER=a.Codigo_TER AND v05.Codigo_HCF=a.Codigo_HCF AND v07.Codigo_TER=a.Codigo_TER AND v07.Codigo_HCF=a.Codigo_HCF\r\nAND v13.Codigo_TER=a.Codigo_TER AND v13.Codigo_HCF=a.Codigo_HCF AND v13.Codigo_HSV=\'13\'\r\n\r\nAND v05.Codigo_HSV=\'05\' AND v04.Codigo_HSV=\'04\' AND v07.Codigo_HSV=\'07\'\r\n\r\n\r\n\r\n AND j.Codigo_TER=\'@ENTIDAD\' AND i.Codigo_SDE=\'@SEDE\' AND a.Fecha_HCF BETWEEN \'@FECHA_INICIAL\' AND \'@FECHA_FINAL 23:59:59\'' WHERE  `Codigo_RPT`='inf_rcv' AND `Codigo_DCD`=0;
UPDATE `itreports` SET `SQL_RPT`='SELECT \'\' AS \'No\', MONTH(a.Fecha_HCF) AS \'MES DE ATENCIÓN\', a.Fecha_HCF AS \'FECHA DE ATENCIÓN\', \r\nb.Codigo_DEP AS \'DEPARTAMENTO\', b.Codigo_MUN AS \'MUNICIPIO\', d.Sigla_TID AS \'TIPO DE IDENTIDAD\', c.ID_TER AS \'NÚMERO DE IDENTIDAD\',\r\nb.Codigo_PLA AS \'RÉGIMEN\', b.Nombre1_PAC AS \'PRIMER NOMBRE\', b.Nombre2_PAC AS \'SEGUNDO NOMBRE\', b.Apellido1_PAC as \'PRIMER APELLIDO\', b.Apellido2_PAC AS \'SEGUNDO APELLIDO\', 	\r\nb.FechaNac_PAC AS \'FECHA DE NACIMIENTO\', TIMESTAMPDIFF(YEAR,b.FechaNac_PAC,a.Fecha_HCF) AS \'EDAD\', b.Codigo_SEX AS \'SEXO\', c.Direccion_TER AS \'DIRECCION\', b.Barrio_PAC AS \'BARRIO\', c.Telefono_TER AS \'TELEFONO\'\r\n, CONCAT(e.Razonsocial_DCD,\' Sede \', q.Nombre_SDE), \r\ncase when r.Codigo_DGN LIKE \'E10%\' Then \r\n	case when r.CodigoR_DGN LIKE \'I%\' then \'HTA + DM Tipo I\'\r\n	ELSE \'Diabetes Mellitus Tipo I\' END\r\n when r.Codigo_DGN LIKE \'E11%\' Then \r\n	case when r.CodigoR_DGN LIKE \'I%\' then \'HTA + DM Tipo II\'\r\n	ELSE \'Diabetes Mellitus Tipo II\' END\r\n when r.Codigo_DGN LIKE \'I%\' then\r\n   case when r.CodigoR_DGN LIKE \'E10%\' then \'HTA + DM Tipo I\'\r\n   when r.CodigoR_DGN LIKE \'E11%\' then \'HTA + DM Tipo II\'\r\n   ELSE \'Hipertensión Arterial\' end\r\nEND AS \'DIAGNÓSTICO\',\r\nt.FechaIng_PRG AS \'FECHA DE DIAGNÓSTICO \', \'\' AS \'DIAGNÓSTICO SECUNDARIO - COMPLICACIONES PRESENTADAS\', \'\' AS \'CUÁL?\',\r\nv04.Valor_HSV AS \'PESO (kgs)\', v05.Valor_HSV AS \'TALLA\', v07.Valor_HSV AS \'IMC\', case  when v07.Valor_HSV < 18.5 then \'BAJO PESO\' when v07.Valor_HSV BETWEEN 18.5 AND 24.99 then \'NORMAL\' when v07.Valor_HSV BETWEEN 25 AND 29.99 then \'SOBREPESO\' when v07.Valor_HSV BETWEEN 30 AND 34.99 then \'OBESIDAD TIPO I\' when v07.Valor_HSV BETWEEN 35 AND 39.99 then \'OBESIDAD TIPO II\' ELSE \'OBESIDAD TIPO III\' END as \'CLASIFICACIÓN IMC\',\r\nv13.Valor_HSV AS \'SISTÓLICA\', v13.Valor_HSV AS \'DIASTÓLICA\',\r\ncase when isnull(group_concat(concat(dlb1.Nombre_ITL, \': \', clb1.Resultados_EXA) SEPARATOR " - ")) then \'\' else lb1.Fecha_SLB END AS \'GLICEMIA\', group_concat(concat(dlb1.Nombre_ITL, \': \', clb1.Resultados_EXA) separator " - ") AS \'GLICEMIA\', \r\ncase when isnull(group_concat(concat(dlb2.Nombre_ITL, \': \', clb2.Resultados_EXA) SEPARATOR " - ")) then \'\' else lb2.Fecha_SLB END AS \'CREATININA\', group_concat(concat(dlb2.Nombre_ITL, \': \', clb2.Resultados_EXA) separator " - ") AS \'CREATININA\', \r\ncase when isnull(group_concat(concat(dlb3.Nombre_ITL, \': \', clb3.Resultados_EXA) SEPARATOR " - ")) then \'\' else lb3.Fecha_SLB END AS \'PROTEINURIA\', group_concat(concat(dlb3.Nombre_ITL, \': \', clb3.Resultados_EXA) separator " - ") AS \'PROTEINURIA\',\r\ncase when isnull(group_concat(concat(dlb4.Nombre_ITL, \': \', clb4.Resultados_EXA) SEPARATOR " - ")) then \'\' else lb4.Fecha_SLB END AS \'COLESTEROL TOTAL\', group_concat(concat(dlb4.Nombre_ITL, \': \', clb4.Resultados_EXA) separator " - ") AS \'COLESTEROL TOTAL\',\r\n\r\ncase when a.Folio_HCF=\'1\' then \'1 VEZ\' ELSE \'CONTROL\' END AS \'1 VEZ O CONTROL\'\r\n\r\nFROM gxpacientes b, czterceros c, cztipoid d, itconfig e, czsedes q, gxareas i, gxeps j, hcdiagnosticos r, gxprgmpctes t, \r\nhcsignosvitales v04, hcsignosvitales v05,  hcsignosvitales v07, hcsignosvitales v13, hcfolios a \r\n LEFT JOIN lbsolicitudes lb1 ON lb1.Codigo_TER=a.Codigo_TER LEFT JOIN lbexamenes alb1 ON alb1.Codigo_SLB=lb1.Codigo_SLB LEFT JOIN lbexamitems clb1 ON clb1.Codigo_EXA=alb1.Codigo_EXA LEFT JOIN lbitemslab dlb1 ON dlb1.Codigo_ITL=clb1.Codigo_ITL \r\n LEFT JOIN lbsolicitudes lb2 ON lb2.Codigo_TER=a.Codigo_TER LEFT JOIN lbexamenes alb2 ON alb2.Codigo_SLB=lb2.Codigo_SLB LEFT JOIN lbexamitems clb2 ON clb2.Codigo_EXA=alb2.Codigo_EXA LEFT JOIN lbitemslab dlb2 ON dlb2.Codigo_ITL=clb2.Codigo_ITL \r\n LEFT JOIN lbsolicitudes lb3 ON lb3.Codigo_TER=a.Codigo_TER LEFT JOIN lbexamenes alb3 ON alb3.Codigo_SLB=lb3.Codigo_SLB LEFT JOIN lbexamitems clb3 ON clb3.Codigo_EXA=alb3.Codigo_EXA LEFT JOIN lbitemslab dlb3 ON dlb3.Codigo_ITL=clb3.Codigo_ITL \r\n LEFT JOIN lbsolicitudes lb4 ON lb4.Codigo_TER=a.Codigo_TER LEFT JOIN lbexamenes alb4 ON alb4.Codigo_SLB=lb4.Codigo_SLB LEFT JOIN lbexamitems clb4 ON clb4.Codigo_EXA=alb4.Codigo_EXA LEFT JOIN lbitemslab dlb4 ON dlb4.Codigo_ITL=clb4.Codigo_ITL \r\n\r\nWHERE a.Codigo_TER=b.Codigo_TER AND c.Codigo_TER=b.Codigo_TER AND c.Codigo_TID=d.Codigo_TID \r\nAND i.Codigo_ARE=a.Codigo_ARE AND j.Codigo_EPS=b.Codigo_EPS AND t.Codigo_TER=a.Codigo_TER AND t.Codigo_PRG=\'RCV\'\r\nAND q.Codigo_SDE=i.Codigo_SDE AND r.Codigo_TER=a.Codigo_TER AND r.Codigo_HCF=a.Codigo_HCF AND v04.Codigo_TER=a.Codigo_TER AND v04.Codigo_HCF=a.Codigo_HCF\r\nAND v05.Codigo_TER=a.Codigo_TER AND v05.Codigo_HCF=a.Codigo_HCF AND v07.Codigo_TER=a.Codigo_TER AND v07.Codigo_HCF=a.Codigo_HCF\r\nAND v13.Codigo_TER=a.Codigo_TER AND v13.Codigo_HCF=a.Codigo_HCF AND v13.Codigo_HSV=\'13\' \r\nAND v05.Codigo_HSV=\'05\' AND v04.Codigo_HSV=\'04\' AND v07.Codigo_HSV=\'07\'\r\n\r\nAND alb1.Codigo_ser=\'1035\' AND alb2.Codigo_ser=\'1020\' AND alb3.Codigo_ser=\'1056\' AND alb4.Codigo_ser=\'1014\'  \r\n\r\n AND j.Codigo_TER=\'@ENTIDAD\' AND i.Codigo_SDE=\'@SEDE\' AND a.Fecha_HCF BETWEEN \'@FECHA_INICIAL\' AND \'@FECHA_FINAL 23:59:59\' \r\n\r\n GROUP BY a.Codigo_TER;' WHERE  `Codigo_RPT`='inf_rcv' AND `Codigo_DCD`=0;
UPDATE `itreports` SET `SQL_RPT`='SELECT \'\' AS \'No\', MONTH(a.Fecha_HCF) AS \'MES DE ATENCIÓN\', a.Fecha_HCF AS \'FECHA DE ATENCIÓN\', \r\nb.Codigo_DEP AS \'DEPARTAMENTO\', b.Codigo_MUN AS \'MUNICIPIO\', d.Sigla_TID AS \'TIPO DE IDENTIDAD\', c.ID_TER AS \'NÚMERO DE IDENTIDAD\',\r\nb.Codigo_PLA AS \'RÉGIMEN\', b.Nombre1_PAC AS \'PRIMER NOMBRE\', b.Nombre2_PAC AS \'SEGUNDO NOMBRE\', b.Apellido1_PAC as \'PRIMER APELLIDO\', b.Apellido2_PAC AS \'SEGUNDO APELLIDO\', 	\r\nb.FechaNac_PAC AS \'FECHA DE NACIMIENTO\', TIMESTAMPDIFF(YEAR,b.FechaNac_PAC,a.Fecha_HCF) AS \'EDAD\', b.Codigo_SEX AS \'SEXO\', c.Direccion_TER AS \'DIRECCION\', b.Barrio_PAC AS \'BARRIO\', c.Telefono_TER AS \'TELEFONO\'\r\n, CONCAT(e.Razonsocial_DCD,\' Sede \', q.Nombre_SDE) AS \'IPS DE ATENCIÓN PRIMARIA\', \r\ncase when r.Codigo_DGN LIKE \'E10%\' Then \r\n	case when r.CodigoR_DGN LIKE \'I%\' then \'HTA + DM Tipo I\'\r\n	ELSE \'Diabetes Mellitus Tipo I\' END\r\n when r.Codigo_DGN LIKE \'E11%\' Then \r\n	case when r.CodigoR_DGN LIKE \'I%\' then \'HTA + DM Tipo II\'\r\n	ELSE \'Diabetes Mellitus Tipo II\' END\r\n when r.Codigo_DGN LIKE \'I%\' then\r\n   case when r.CodigoR_DGN LIKE \'E10%\' then \'HTA + DM Tipo I\'\r\n   when r.CodigoR_DGN LIKE \'E11%\' then \'HTA + DM Tipo II\'\r\n   ELSE \'Hipertensión Arterial\' end\r\nEND AS \'DIAGNÓSTICO\',\r\nt.FechaIng_PRG AS \'FECHA DE DIAGNÓSTICO \', \'\' AS \'DIAGNÓSTICO SECUNDARIO - COMPLICACIONES PRESENTADAS\', \'\' AS \'CUÁL?\',\r\nv04.Valor_HSV AS \'PESO (kgs)\', v05.Valor_HSV AS \'TALLA\', v07.Valor_HSV AS \'IMC\', case  when v07.Valor_HSV < 18.5 then \'BAJO PESO\' when v07.Valor_HSV BETWEEN 18.5 AND 24.99 then \'NORMAL\' when v07.Valor_HSV BETWEEN 25 AND 29.99 then \'SOBREPESO\' when v07.Valor_HSV BETWEEN 30 AND 34.99 then \'OBESIDAD TIPO I\' when v07.Valor_HSV BETWEEN 35 AND 39.99 then \'OBESIDAD TIPO II\' ELSE \'OBESIDAD TIPO III\' END as \'CLASIFICACIÓN IMC\',\r\nv13.Valor_HSV AS \'SISTÓLICA\', v13.Valor_HSV AS \'DIASTÓLICA\',\r\ncase when isnull(group_concat(concat(dlb1.Nombre_ITL, \': \', clb1.Resultados_EXA) SEPARATOR " - ")) then \'\' else alb1.Fecha_EXA END AS \'GLICEMIA\', group_concat(concat(dlb1.Nombre_ITL, \': \', clb1.Resultados_EXA) separator " - ") AS \'GLICEMIA\', \r\ncase when isnull(group_concat(concat(dlb2.Nombre_ITL, \': \', clb2.Resultados_EXA) SEPARATOR " - ")) then \'\' else alb2.Fecha_EXA END AS \'CREATININA\', group_concat(concat(dlb2.Nombre_ITL, \': \', clb2.Resultados_EXA) separator " - ") AS \'CREATININA\', \r\n/* case when isnull(group_concat(concat(dlb3.Nombre_ITL, \': \', clb3.Resultados_EXA) SEPARATOR " - ")) then \'\' else alb3.Fecha_EXA END AS \'PROTEINURIA\', group_concat(concat(dlb3.Nombre_ITL, \': \', clb3.Resultados_EXA) separator " - ") AS \'PROTEINURIA\', */\r\n\'\' AS \'PROTEINURIA\', \'\' AS \'PROTEINURIA\',\r\ncase when isnull(group_concat(concat(dlb4.Nombre_ITL, \': \', clb4.Resultados_EXA) SEPARATOR " - ")) then \'\' else alb4.Fecha_EXA END AS \'COLESTEROL TOTAL\', group_concat(concat(dlb4.Nombre_ITL, \': \', clb4.Resultados_EXA) separator " - ") AS \'COLESTEROL TOTAL\',\r\ncase when isnull(group_concat(concat(dlb5.Nombre_ITL, \': \', clb5.Resultados_EXA) SEPARATOR " - ")) then \'\' else alb5.Fecha_EXA END AS \'HDL\', group_concat(concat(dlb5.Nombre_ITL, \': \', clb5.Resultados_EXA) separator " - ") AS \'HDL\',\r\n\r\n\r\ncase when isnull(group_concat(concat(dlb6.Nombre_ITL, \': \', clb6.Resultados_EXA) SEPARATOR " - ")) then \'\' else alb6.Fecha_EXA END AS \'LDL\', group_concat(concat(dlb6.Nombre_ITL, \': \', clb6.Resultados_EXA) separator " - ") AS \'LDL\',\r\ncase when isnull(group_concat(concat(dlb7.Nombre_ITL, \': \', clb7.Resultados_EXA) SEPARATOR " - ")) then \'\' else alb7.Fecha_EXA END AS \'TRIGLICERIDOS\', group_concat(concat(dlb7.Nombre_ITL, \': \', clb7.Resultados_EXA) separator " - ") AS \'TRIGLICERIDOS\',\r\ncase when isnull(group_concat(concat(dlb8.Nombre_ITL, \': \', clb8.Resultados_EXA) SEPARATOR " - ")) then \'\' else alb8.Fecha_EXA END AS \'HEMOGLOBINA GLICOSILADA\', group_concat(concat(dlb8.Nombre_ITL, \': \', clb8.Resultados_EXA) separator " - ") AS \'HEMOGLOBINA GLICOSILADA\',\r\ncase when isnull(group_concat(concat(dlb9.Nombre_ITL, \': \', clb9.Resultados_EXA) SEPARATOR " - ")) then \'\' else alb9.Fecha_EXA END AS \'PTH\', group_concat(concat(dlb8.Nombre_ITL, \': \', clb9.Resultados_EXA) separator " - ") AS \'PTH\',\r\ncase when isnull(group_concat(concat(dlb10.Nombre_ITL, \': \', clb10.Resultados_EXA) SEPARATOR " - ")) then \'\' else alb10.Fecha_EXA END AS \'ALBUMINURIA \', group_concat(concat(dlb10.Nombre_ITL, \': \', clb10.Resultados_EXA) separator " - ") AS \'ALBUMINURIA \',\r\ncase when isnull(group_concat(concat(dlb11.Nombre_ITL, \': \', clb11.Resultados_EXA) SEPARATOR " - ")) then \'\' else alb11.Fecha_EXA END AS \'CREATINURIA	\', group_concat(concat(dlb11.Nombre_ITL, \': \', clb11.Resultados_EXA) separator " - ") AS \'CREATINURIA	\',\r\n \'\' AS \'RELACIÓN ALBUMINURIA/CREATINURIA\', \'\' AS \'RELACIÓN ALBUMINURIA/CREATINURIA\',\r\n\r\ncase when a.Folio_HCF=\'1\' then \'1 VEZ\' ELSE \'CONTROL\' END AS \'1 VEZ O CONTROL\'\r\n\r\nFROM gxpacientes b, czterceros c, cztipoid d, itconfig e, czsedes q, gxareas i, gxeps j, hcdiagnosticos r, gxprgmpctes t, \r\nhcsignosvitales v04, hcsignosvitales v05,  hcsignosvitales v07, hcsignosvitales v13, hcfolios a \r\n LEFT JOIN lbsolicitudes lb1 ON lb1.Codigo_TER=a.Codigo_TER AND lb1.Codigo_ARE=a.Codigo_ARE AND lb1.Fecha_SLB=a.Fecha_HCF LEFT JOIN lbexamenes alb1 ON alb1.Codigo_SLB=lb1.Codigo_SLB LEFT JOIN lbexamitems clb1 ON clb1.Codigo_EXA=alb1.Codigo_EXA LEFT JOIN lbitemslab dlb1 ON dlb1.Codigo_ITL=clb1.Codigo_ITL LEFT JOIN lbitemsref rlb1 ON rlb1.Codigo_SER=alb1.Codigo_SER AND rlb1.Codigo_ITL=clb1.Codigo_ITL\r\n LEFT JOIN lbsolicitudes lb2 ON lb2.Codigo_TER=a.Codigo_TER AND lb2.Codigo_ARE=a.Codigo_ARE AND lb2.Fecha_SLB=a.Fecha_HCF LEFT JOIN lbexamenes alb2 ON alb2.Codigo_SLB=lb2.Codigo_SLB LEFT JOIN lbexamitems clb2 ON clb2.Codigo_EXA=alb2.Codigo_EXA LEFT JOIN lbitemslab dlb2 ON dlb2.Codigo_ITL=clb2.Codigo_ITL LEFT JOIN lbitemsref rlb2 ON rlb2.Codigo_SER=alb2.Codigo_SER AND rlb2.Codigo_ITL=clb2.Codigo_ITL \r\n /* LEFT JOIN lbsolicitudes lb3 ON lb3.Codigo_TER=a.Codigo_TER AND lb3.Codigo_ARE=a.Codigo_ARE LEFT JOIN lbexamenes alb3 ON alb3.Codigo_SLB=lb3.Codigo_SLB LEFT JOIN lbexamitems clb3 ON clb3.Codigo_EXA=alb3.Codigo_EXA LEFT JOIN lbitemslab dlb3 ON dlb3.Codigo_ITL=clb3.Codigo_ITL */\r\n LEFT JOIN lbsolicitudes lb4 ON lb4.Codigo_TER=a.Codigo_TER AND lb4.Codigo_ARE=a.Codigo_ARE AND lb4.Fecha_SLB<=a.Fecha_HCF LEFT JOIN lbexamenes alb4 ON alb4.Codigo_SLB=lb4.Codigo_SLB LEFT JOIN lbexamitems clb4 ON clb4.Codigo_EXA=alb4.Codigo_EXA LEFT JOIN lbitemslab dlb4 ON dlb4.Codigo_ITL=clb4.Codigo_ITL LEFT JOIN lbitemsref rlb4 ON rlb4.Codigo_SER=alb4.Codigo_SER AND rlb4.Codigo_ITL=clb4.Codigo_ITL \r\n LEFT JOIN lbsolicitudes lb5 ON lb5.Codigo_TER=a.Codigo_TER AND lb5.Codigo_ARE=a.Codigo_ARE AND lb5.Fecha_SLB=a.Fecha_HCF LEFT JOIN lbexamenes alb5 ON alb5.Codigo_SLB=lb5.Codigo_SLB  LEFT JOIN lbexamitems clb5 ON clb5.Codigo_EXA=alb5.Codigo_EXA LEFT JOIN lbitemslab dlb5 ON dlb5.Codigo_ITL=clb5.Codigo_ITL LEFT JOIN lbitemsref rlb5 ON rlb5.Codigo_SER=alb5.Codigo_SER AND rlb5.Codigo_ITL=clb5.Codigo_ITL \r\n LEFT JOIN lbsolicitudes lb6 ON lb6.Codigo_TER=a.Codigo_TER AND lb6.Codigo_ARE=a.Codigo_ARE AND lb6.Fecha_SLB=a.Fecha_HCF LEFT JOIN lbexamenes alb6 ON alb6.Codigo_SLB=lb6.Codigo_SLB  LEFT JOIN lbexamitems clb6 ON clb6.Codigo_EXA=alb6.Codigo_EXA LEFT JOIN lbitemslab dlb6 ON dlb6.Codigo_ITL=clb6.Codigo_ITL LEFT JOIN lbitemsref rlb6 ON rlb6.Codigo_SER=alb6.Codigo_SER AND rlb6.Codigo_ITL=clb6.Codigo_ITL \r\n LEFT JOIN lbsolicitudes lb7 ON lb7.Codigo_TER=a.Codigo_TER AND lb7.Codigo_ARE=a.Codigo_ARE AND lb7.Fecha_SLB=a.Fecha_HCF LEFT JOIN lbexamenes alb7 ON alb7.Codigo_SLB=lb7.Codigo_SLB  LEFT JOIN lbexamitems clb7 ON clb7.Codigo_EXA=alb7.Codigo_EXA LEFT JOIN lbitemslab dlb7 ON dlb7.Codigo_ITL=clb7.Codigo_ITL LEFT JOIN lbitemsref rlb7 ON rlb7.Codigo_SER=alb7.Codigo_SER AND rlb7.Codigo_ITL=clb7.Codigo_ITL \r\n LEFT JOIN lbsolicitudes lb8 ON lb8.Codigo_TER=a.Codigo_TER AND lb8.Codigo_ARE=a.Codigo_ARE AND lb8.Fecha_SLB=a.Fecha_HCF LEFT JOIN lbexamenes alb8 ON alb8.Codigo_SLB=lb8.Codigo_SLB  LEFT JOIN lbexamitems clb8 ON clb8.Codigo_EXA=alb8.Codigo_EXA LEFT JOIN lbitemslab dlb8 ON dlb8.Codigo_ITL=clb8.Codigo_ITL LEFT JOIN lbitemsref rlb8 ON rlb8.Codigo_SER=alb8.Codigo_SER AND rlb8.Codigo_ITL=clb8.Codigo_ITL \r\n LEFT JOIN lbsolicitudes lb9 ON lb9.Codigo_TER=a.Codigo_TER AND lb9.Codigo_ARE=a.Codigo_ARE AND lb9.Fecha_SLB=a.Fecha_HCF LEFT JOIN lbexamenes alb9 ON alb9.Codigo_SLB=lb9.Codigo_SLB  LEFT JOIN lbexamitems clb9 ON clb9.Codigo_EXA=alb9.Codigo_EXA LEFT JOIN lbitemslab dlb9 ON dlb9.Codigo_ITL=clb9.Codigo_ITL LEFT JOIN lbitemsref rlb9 ON rlb9.Codigo_SER=alb9.Codigo_SER AND rlb9.Codigo_ITL=clb9.Codigo_ITL \r\n LEFT JOIN lbsolicitudes lb10 ON lb10.Codigo_TER=a.Codigo_TER AND lb10.Codigo_ARE=a.Codigo_ARE AND lb10.Fecha_SLB=a.Fecha_HCF LEFT JOIN lbexamenes alb10 ON alb10.Codigo_SLB=lb10.Codigo_SLB  LEFT JOIN lbexamitems clb10 ON clb10.Codigo_EXA=alb10.Codigo_EXA LEFT JOIN lbitemslab dlb10 ON dlb10.Codigo_ITL=clb10.Codigo_ITL LEFT JOIN lbitemsref rlb10 ON rlb10.Codigo_SER=alb10.Codigo_SER AND rlb10.Codigo_ITL=clb10.Codigo_ITL \r\n LEFT JOIN lbsolicitudes lb11 ON lb11.Codigo_TER=a.Codigo_TER AND lb11.Codigo_ARE=a.Codigo_ARE AND lb11.Fecha_SLB=a.Fecha_HCF LEFT JOIN lbexamenes alb11 ON alb11.Codigo_SLB=lb11.Codigo_SLB  LEFT JOIN lbexamitems clb11 ON clb11.Codigo_EXA=alb11.Codigo_EXA LEFT JOIN lbitemslab dlb11 ON dlb11.Codigo_ITL=clb11.Codigo_ITL LEFT JOIN lbitemsref rlb11 ON rlb11.Codigo_SER=alb11.Codigo_SER AND rlb11.Codigo_ITL=clb11.Codigo_ITL \r\n/* LEFT JOIN lbsolicitudes lb12 ON lb12.Codigo_TER=a.Codigo_TER AND lb12.Codigo_ARE=a.Codigo_ARE AND lb12.Fecha_SLB=a.Fecha_HCF LEFT JOIN lbexamenes alb12 ON alb12.Codigo_SLB=lb12.Codigo_SLB  LEFT JOIN lbexamitems clb12 ON clb12.Codigo_EXA=alb12.Codigo_EXA LEFT JOIN lbitemslab dlb12 ON dlb12.Codigo_ITL=clb12.Codigo_ITL LEFT JOIN lbitemsref rlb12 ON rlb12.Codigo_SER=alb12.Codigo_SER AND rlb12.Codigo_ITL=clb12.Codigo_ITL */\r\n\r\nWHERE a.Codigo_TER=b.Codigo_TER AND c.Codigo_TER=b.Codigo_TER AND c.Codigo_TID=d.Codigo_TID \r\nAND i.Codigo_ARE=a.Codigo_ARE AND j.Codigo_EPS=b.Codigo_EPS AND t.Codigo_TER=a.Codigo_TER AND t.Codigo_PRG=\'RCV\'\r\nAND q.Codigo_SDE=i.Codigo_SDE AND r.Codigo_TER=a.Codigo_TER AND r.Codigo_HCF=a.Codigo_HCF AND v04.Codigo_TER=a.Codigo_TER AND v04.Codigo_HCF=a.Codigo_HCF\r\nAND v05.Codigo_TER=a.Codigo_TER AND v05.Codigo_HCF=a.Codigo_HCF AND v07.Codigo_TER=a.Codigo_TER AND v07.Codigo_HCF=a.Codigo_HCF\r\nAND v13.Codigo_TER=a.Codigo_TER AND v13.Codigo_HCF=a.Codigo_HCF AND v13.Codigo_HSV=\'13\' \r\nAND v05.Codigo_HSV=\'05\' AND v04.Codigo_HSV=\'04\' AND v07.Codigo_HSV=\'07\'\r\n\r\nAND alb1.Codigo_ser=\'1035\' AND alb2.Codigo_ser=\'1020\' AND alb4.Codigo_ser=\'1014\' AND alb5.Codigo_ser=\'1011\' AND alb6.Codigo_ser=\'1012\' \r\nAND alb7.Codigo_ser=\'1062\' AND alb8.Codigo_ser IN (\'971\', \'972\') AND alb9.Codigo_ser=\'935\'  AND alb10.Codigo_ser IN(\'1002\', \'1003\')\r\nAND alb11.Codigo_ser=\'1016\' /* AND alb12.Codigo_ser=\'1016\' */\r\n \r\n\r\n AND j.Codigo_TER=\'@ENTIDAD\' AND i.Codigo_SDE=\'@SEDE\' AND a.Fecha_HCF BETWEEN \'@FECHA_INICIAL\' AND \'@FECHA_FINAL 23:59:59\' \r\n GROUP BY a.Codigo_TER\r\nHAVING max(lb1.Fecha_SLB) and MAX(lb2.Fecha_SLB) and MAX(lb4.Fecha_SLB)\r\n;' WHERE  `Codigo_RPT`='inf_rcv' AND `Codigo_DCD`=0;
UPDATE `itreports` SET `SQL_RPT`='SELECT \'\' AS \'No\', MONTH(a.Fecha_HCF) AS \'MES DE ATENCIÓN\', a.Fecha_HCF AS \'FECHA DE ATENCIÓN\', \r\nb.Codigo_DEP AS \'DEPARTAMENTO\', b.Codigo_MUN AS \'MUNICIPIO\', d.Sigla_TID AS \'TIPO DE IDENTIDAD\', c.ID_TER AS \'NÚMERO DE IDENTIDAD\',\r\nb.Codigo_PLA AS \'RÉGIMEN\', b.Nombre1_PAC AS \'PRIMER NOMBRE\', b.Nombre2_PAC AS \'SEGUNDO NOMBRE\', b.Apellido1_PAC as \'PRIMER APELLIDO\', b.Apellido2_PAC AS \'SEGUNDO APELLIDO\', 	\r\nb.FechaNac_PAC AS \'FECHA DE NACIMIENTO\', TIMESTAMPDIFF(YEAR,b.FechaNac_PAC,a.Fecha_HCF) AS \'EDAD\', b.Codigo_SEX AS \'SEXO\', c.Direccion_TER AS \'DIRECCION\', b.Barrio_PAC AS \'BARRIO\', c.Telefono_TER AS \'TELEFONO\'\r\n, CONCAT(e.Razonsocial_DCD,\' Sede \', q.Nombre_SDE) AS \'IPS DE ATENCIÓN PRIMARIA\', \r\ncase when r.Codigo_DGN LIKE \'E10%\' Then \r\n	case when r.CodigoR_DGN LIKE \'I%\' then \'HTA + DM Tipo I\'\r\n	ELSE \'Diabetes Mellitus Tipo I\' END\r\n when r.Codigo_DGN LIKE \'E11%\' Then \r\n	case when r.CodigoR_DGN LIKE \'I%\' then \'HTA + DM Tipo II\'\r\n	ELSE \'Diabetes Mellitus Tipo II\' END\r\n when r.Codigo_DGN LIKE \'I%\' then\r\n   case when r.CodigoR_DGN LIKE \'E10%\' then \'HTA + DM Tipo I\'\r\n   when r.CodigoR_DGN LIKE \'E11%\' then \'HTA + DM Tipo II\'\r\n   ELSE \'Hipertensión Arterial\' end\r\nEND AS \'DIAGNÓSTICO\',\r\nt.FechaIng_PRG AS \'FECHA DE DIAGNÓSTICO \', \'\' AS \'DIAGNÓSTICO SECUNDARIO - COMPLICACIONES PRESENTADAS\', \'\' AS \'CUÁL?\',\r\nv04.Valor_HSV AS \'PESO (kgs)\', v05.Valor_HSV AS \'TALLA\', v07.Valor_HSV AS \'IMC\', case  when v07.Valor_HSV < 18.5 then \'BAJO PESO\' when v07.Valor_HSV BETWEEN 18.5 AND 24.99 then \'NORMAL\' when v07.Valor_HSV BETWEEN 25 AND 29.99 then \'SOBREPESO\' when v07.Valor_HSV BETWEEN 30 AND 34.99 then \'OBESIDAD TIPO I\' when v07.Valor_HSV BETWEEN 35 AND 39.99 then \'OBESIDAD TIPO II\' ELSE \'OBESIDAD TIPO III\' END as \'CLASIFICACIÓN IMC\',\r\nv13.Valor_HSV AS \'SISTÓLICA\', v13.Valor_HSV AS \'DIASTÓLICA\',\r\ncase when isnull(clb1.Resultados_EXA)  then \'\' else alb1.Fecha_EXA END AS \'GLICEMIA\', clb1.Resultados_EXA AS \'GLICEMIA\', \r\ncase when isnull(clb2.Resultados_EXA) then \'\' else alb2.Fecha_EXA END AS \'CREATININA\', clb2.Resultados_EXA AS \'CREATININA\', \r\n/* case when isnull(group_concat(concat(dlb3.Nombre_ITL, \': \', clb3.Resultados_EXA) then \'\' else alb3.Fecha_EXA END AS \'PROTEINURIA\', group_concat(concat(dlb3.Nombre_ITL, \': \', clb3.Resultados_EXA AS \'PROTEINURIA\', */\r\n\'\' AS \'PROTEINURIA\', \'\' AS \'PROTEINURIA\',\r\ncase when isnull(clb4.Resultados_EXA) then \'\' else alb4.Fecha_EXA END AS \'COLESTEROL TOTAL\', clb4.Resultados_EXA AS \'COLESTEROL TOTAL\',\r\ncase when isnull(clb5.Resultados_EXA) then \'\' else alb5.Fecha_EXA END AS \'HDL\', clb5.Resultados_EXA AS \'HDL\',\r\n\r\ncase when isnull(clb6.Resultados_EXA) then \'\' else alb6.Fecha_EXA END AS \'LDL\', clb6.Resultados_EXA AS \'LDL\',\r\ncase when isnull(clb7.Resultados_EXA) then \'\' else alb7.Fecha_EXA END AS \'TRIGLICERIDOS\', clb7.Resultados_EXA AS \'TRIGLICERIDOS\',\r\ncase when isnull(clb8.Resultados_EXA) then \'\' else alb8.Fecha_EXA END AS \'HEMOGLOBINA GLICOSILADA\', clb8.Resultados_EXA AS \'HEMOGLOBINA GLICOSILADA\',\r\ncase when isnull(clb9.Resultados_EXA) then \'\' else alb9.Fecha_EXA END AS \'PTH\', clb9.Resultados_EXA AS \'PTH\',\r\ncase when isnull(clb10.Resultados_EXA) then \'\' else alb10.Fecha_EXA END AS \'ALBUMINURIA \', clb10.Resultados_EXA AS \'ALBUMINURIA \',\r\ncase when isnull(clb11.Resultados_EXA) then \'\' else alb11.Fecha_EXA END AS \'CREATINURIA	\', clb11.Resultados_EXA AS \'CREATINURIA	\',\r\n \'\' AS \'RELACIÓN ALBUMINURIA/CREATINURIA\', \'\' AS \'RELACIÓN ALBUMINURIA/CREATINURIA\',\r\n\r\ncase when a.Folio_HCF=\'1\' then \'1 VEZ\' ELSE \'CONTROL\' END AS \'1 VEZ O CONTROL\'\r\n\r\nFROM gxpacientes b, czterceros c, cztipoid d, itconfig e, czsedes q, gxareas i, gxeps j, hcdiagnosticos r, gxprgmpctes t, \r\nhcsignosvitales v04, hcsignosvitales v05,  hcsignosvitales v07, hcsignosvitales v13, hcfolios a ,\r\nlbsolicitudes lb1, lbexamenes alb1 LEFT JOIN lbexamitems clb1 ON clb1.Codigo_EXA=alb1.Codigo_EXA ,\r\nlbsolicitudes lb2, lbexamenes alb2 LEFT JOIN lbexamitems clb2 ON clb2.Codigo_EXA=alb2.Codigo_EXA ,\r\n /* LEFT JOIN lbsolicitudes lb3 ON lb3.Codigo_TER=a.Codigo_TER AND lb3.Codigo_ARE=a.Codigo_ARE LEFT JOIN lbexamenes alb3 ON alb3.Codigo_SLB=lb3.Codigo_SLB LEFT JOIN lbexamitems clb3 ON clb3.Codigo_EXA=alb3.Codigo_EXA LEFT JOIN lbitemslab dlb3 ON dlb3.Codigo_ITL=clb3.Codigo_ITL */\r\nlbsolicitudes lb4, lbexamenes alb4 LEFT JOIN lbexamitems clb4 ON clb4.Codigo_EXA=alb4.Codigo_EXA ,\r\nlbsolicitudes lb5, lbexamenes alb5 LEFT JOIN lbexamitems clb5 ON clb5.Codigo_EXA=alb5.Codigo_EXA ,\r\nlbsolicitudes lb6, lbexamenes alb6 LEFT JOIN lbexamitems clb6 ON clb6.Codigo_EXA=alb6.Codigo_EXA , \r\nlbsolicitudes lb7, lbexamenes alb7 LEFT JOIN lbexamitems clb7 ON clb7.Codigo_EXA=alb7.Codigo_EXA ,\r\nlbsolicitudes lb8, lbexamenes alb8 LEFT JOIN lbexamitems clb8 ON clb8.Codigo_EXA=alb8.Codigo_EXA ,\r\nlbsolicitudes lb9, lbexamenes alb9 LEFT JOIN lbexamitems clb9 ON clb9.Codigo_EXA=alb9.Codigo_EXA ,\r\nlbsolicitudes lb10, lbexamenes alb10 LEFT JOIN lbexamitems clb10 ON clb10.Codigo_EXA=alb10.Codigo_EXA ,\r\nlbsolicitudes lb11, lbexamenes alb11 LEFT JOIN lbexamitems clb11 ON clb11.Codigo_EXA=alb11.Codigo_EXA  \r\n/* LEFT JOIN lbsolicitudes lb12 ON lb12.Codigo_TER=a.Codigo_TER AND lb12.Codigo_ARE=a.Codigo_ARE AND lb12.Fecha_SLB=a.Fecha_HCF LEFT JOIN lbexamenes alb12 ON alb12.Codigo_SLB=lb12.Codigo_SLB  LEFT JOIN lbexamitems clb12 ON clb12.Codigo_EXA=alb12.Codigo_EXA LEFT JOIN lbitemslab dlb12 ON dlb12.Codigo_ITL=clb12.Codigo_ITL LEFT JOIN lbitemsref rlb12 ON rlb12.Codigo_SER=alb12.Codigo_SER AND rlb12.Codigo_ITL=clb12.Codigo_ITL */\r\n\r\nWHERE a.Codigo_TER=b.Codigo_TER AND c.Codigo_TER=b.Codigo_TER AND c.Codigo_TID=d.Codigo_TID \r\nAND i.Codigo_ARE=a.Codigo_ARE AND j.Codigo_EPS=b.Codigo_EPS AND t.Codigo_TER=a.Codigo_TER AND t.Codigo_PRG=\'RCV\'\r\nAND q.Codigo_SDE=i.Codigo_SDE AND r.Codigo_TER=a.Codigo_TER AND r.Codigo_HCF=a.Codigo_HCF AND v04.Codigo_TER=a.Codigo_TER AND v04.Codigo_HCF=a.Codigo_HCF\r\nAND v05.Codigo_TER=a.Codigo_TER AND v05.Codigo_HCF=a.Codigo_HCF AND v07.Codigo_TER=a.Codigo_TER AND v07.Codigo_HCF=a.Codigo_HCF\r\nAND v13.Codigo_TER=a.Codigo_TER AND v13.Codigo_HCF=a.Codigo_HCF AND v13.Codigo_HSV=\'13\' \r\nAND v05.Codigo_HSV=\'05\' AND v04.Codigo_HSV=\'04\' AND v07.Codigo_HSV=\'07\'\r\n\r\nand lb1.Codigo_TER=a.Codigo_TER AND lb1.Codigo_ARE=a.Codigo_ARE AND date(lb1.Fecha_SLB)=a.Fecha_HCF AND alb1.Codigo_SLB=lb1.Codigo_SLB\r\nAND lb2.Codigo_TER=a.Codigo_TER AND lb2.Codigo_ARE=a.Codigo_ARE AND date(lb2.Fecha_SLB)=a.Fecha_HCF AND alb2.Codigo_SLB=lb2.Codigo_SLB\r\nAND lb4.Codigo_TER=a.Codigo_TER AND lb4.Codigo_ARE=a.Codigo_ARE AND date(lb4.Fecha_SLB)=a.Fecha_HCF AND alb4.Codigo_SLB=lb4.Codigo_SLB \r\nAND lb5.Codigo_TER=a.Codigo_TER AND lb5.Codigo_ARE=a.Codigo_ARE AND date(lb5.Fecha_SLB)=a.Fecha_HCF AND alb5.Codigo_SLB=lb5.Codigo_SLB  \r\nand lb6.Codigo_TER=a.Codigo_TER AND lb6.Codigo_ARE=a.Codigo_ARE AND date(lb6.Fecha_SLB)=a.Fecha_HCF AND alb6.Codigo_SLB=lb6.Codigo_SLB  \r\nAND lb7.Codigo_TER=a.Codigo_TER AND lb7.Codigo_ARE=a.Codigo_ARE AND date(lb7.Fecha_SLB)=a.Fecha_HCF AND alb7.Codigo_SLB=lb7.Codigo_SLB  \r\nand lb8.Codigo_TER=a.Codigo_TER AND lb8.Codigo_ARE=a.Codigo_ARE AND date(lb8.Fecha_SLB)=a.Fecha_HCF AND alb8.Codigo_SLB=lb8.Codigo_SLB  \r\nAND lb9.Codigo_TER=a.Codigo_TER AND lb9.Codigo_ARE=a.Codigo_ARE AND date(lb9.Fecha_SLB)=a.Fecha_HCF AND alb9.Codigo_SLB=lb9.Codigo_SLB  \r\nAND lb10.Codigo_TER=a.Codigo_TER AND lb10.Codigo_ARE=a.Codigo_ARE AND date(lb10.Fecha_SLB)=a.Fecha_HCF AND alb10.Codigo_SLB=lb10.Codigo_SLB  \r\nAND lb11.Codigo_TER=a.Codigo_TER AND lb11.Codigo_ARE=a.Codigo_ARE AND date(lb11.Fecha_SLB)=a.Fecha_HCF AND alb11.Codigo_SLB=lb11.Codigo_SLB  \r\n\r\nAND alb1.Codigo_ser=\'1035\' \r\nAND alb2.Codigo_ser=\'1020\' \r\nAND alb4.Codigo_ser=\'1014\' \r\nAND alb5.Codigo_ser=\'1011\' \r\nAND alb6.Codigo_ser=\'1012\' \r\nAND alb7.Codigo_ser=\'1062\' \r\nAND alb8.Codigo_ser IN (\'971\', \'972\') \r\nAND alb9.Codigo_ser=\'935\'  \r\nAND alb10.Codigo_ser IN(\'1002\', \'1003\')\r\nAND alb11.Codigo_ser=\'1016\' /* AND alb12.Codigo_ser=\'1016\' */\r\n \r\n\r\n AND j.Codigo_TER=\'@ENTIDAD\' AND i.Codigo_SDE=\'@SEDE\' AND a.Fecha_HCF BETWEEN \'@FECHA_INICIAL\' AND \'@FECHA_FINAL 23:59:59\' \r\n GROUP BY a.Codigo_TER\r\n\r\n;\r\n' WHERE  `Codigo_RPT`='inf_rcv' AND `Codigo_DCD`=0;
UPDATE `itreports` SET `SQL_RPT`='SELECT \'\' AS \'No\', MONTH(a.Fecha_HCF) AS \'MES DE ATENCIÓN\', a.Fecha_HCF AS \'FECHA DE ATENCIÓN\', \r\nb.Codigo_DEP AS \'DEPARTAMENTO\', b.Codigo_MUN AS \'MUNICIPIO\', d.Sigla_TID AS \'TIPO DE IDENTIDAD\', c.ID_TER AS \'NÚMERO DE IDENTIDAD\',\r\nb.Codigo_PLA AS \'RÉGIMEN\', b.Nombre1_PAC AS \'PRIMER NOMBRE\', b.Nombre2_PAC AS \'SEGUNDO NOMBRE\', b.Apellido1_PAC as \'PRIMER APELLIDO\', b.Apellido2_PAC AS \'SEGUNDO APELLIDO\', 	\r\nb.FechaNac_PAC AS \'FECHA DE NACIMIENTO\', TIMESTAMPDIFF(YEAR,b.FechaNac_PAC,a.Fecha_HCF) AS \'EDAD\', b.Codigo_SEX AS \'SEXO\', c.Direccion_TER AS \'DIRECCION\', b.Barrio_PAC AS \'BARRIO\', c.Telefono_TER AS \'TELEFONO\'\r\n, CONCAT(e.Razonsocial_DCD,\' Sede \', q.Nombre_SDE) AS \'IPS DE ATENCIÓN PRIMARIA\', \r\ncase when r.Codigo_DGN LIKE \'E10%\' Then \r\n	case when r.CodigoR_DGN LIKE \'I%\' then \'HTA + DM Tipo I\'\r\n	ELSE \'Diabetes Mellitus Tipo I\' END\r\n when r.Codigo_DGN LIKE \'E11%\' Then \r\n	case when r.CodigoR_DGN LIKE \'I%\' then \'HTA + DM Tipo II\'\r\n	ELSE \'Diabetes Mellitus Tipo II\' END\r\n when r.Codigo_DGN LIKE \'I%\' then\r\n   case when r.CodigoR_DGN LIKE \'E10%\' then \'HTA + DM Tipo I\'\r\n   when r.CodigoR_DGN LIKE \'E11%\' then \'HTA + DM Tipo II\'\r\n   ELSE \'Hipertensión Arterial\' end\r\nEND AS \'DIAGNÓSTICO\',\r\nt.FechaIng_PRG AS \'FECHA DE DIAGNÓSTICO \', \'\' AS \'DIAGNÓSTICO SECUNDARIO - COMPLICACIONES PRESENTADAS\', \'\' AS \'CUÁL?\',\r\nv04.Valor_HSV AS \'PESO (kgs)\', v05.Valor_HSV AS \'TALLA\', v07.Valor_HSV AS \'IMC\', case  when v07.Valor_HSV < 18.5 then \'BAJO PESO\' when v07.Valor_HSV BETWEEN 18.5 AND 24.99 then \'NORMAL\' when v07.Valor_HSV BETWEEN 25 AND 29.99 then \'SOBREPESO\' when v07.Valor_HSV BETWEEN 30 AND 34.99 then \'OBESIDAD TIPO I\' when v07.Valor_HSV BETWEEN 35 AND 39.99 then \'OBESIDAD TIPO II\' ELSE \'OBESIDAD TIPO III\' END as \'CLASIFICACIÓN IMC\',\r\nv13.Valor_HSV AS \'SISTÓLICA\', v13.Valor_HSV AS \'DIASTÓLICA\',\r\ncase when isnull(clb1.Resultados_EXA)  then \'\' else alb1.Fecha_EXA END AS \'GLICEMIA\', clb1.Resultados_EXA AS \'GLICEMIA\', \r\ncase when isnull(clb2.Resultados_EXA) then \'\' else alb2.Fecha_EXA END AS \'CREATININA\', clb2.Resultados_EXA AS \'CREATININA\', \r\n/* case when isnull(group_concat(concat(dlb3.Nombre_ITL, \': \', clb3.Resultados_EXA) then \'\' else alb3.Fecha_EXA END AS \'PROTEINURIA\', group_concat(concat(dlb3.Nombre_ITL, \': \', clb3.Resultados_EXA AS \'PROTEINURIA\', */\r\n\'\' AS \'PROTEINURIA\', \'\' AS \'PROTEINURIA\',\r\ncase when isnull(clb4.Resultados_EXA) then \'\' else alb4.Fecha_EXA END AS \'COLESTEROL TOTAL\', clb4.Resultados_EXA AS \'COLESTEROL TOTAL\',\r\ncase when isnull(clb5.Resultados_EXA) then \'\' else alb5.Fecha_EXA END AS \'HDL\', clb5.Resultados_EXA AS \'HDL\',\r\n\r\ncase when isnull(clb6.Resultados_EXA) then \'\' else alb6.Fecha_EXA END AS \'LDL\', clb6.Resultados_EXA AS \'LDL\',\r\ncase when isnull(clb7.Resultados_EXA) then \'\' else alb7.Fecha_EXA END AS \'TRIGLICERIDOS\', clb7.Resultados_EXA AS \'TRIGLICERIDOS\',\r\ncase when isnull(clb8.Resultados_EXA) then \'\' else alb8.Fecha_EXA END AS \'HEMOGLOBINA GLICOSILADA\', clb8.Resultados_EXA AS \'HEMOGLOBINA GLICOSILADA\',\r\ncase when isnull(clb9.Resultados_EXA) then \'\' else alb9.Fecha_EXA END AS \'PTH\', clb9.Resultados_EXA AS \'PTH\',\r\ncase when isnull(clb10.Resultados_EXA) then \'\' else alb10.Fecha_EXA END AS \'ALBUMINURIA \', clb10.Resultados_EXA AS \'ALBUMINURIA \',\r\ncase when isnull(clb11.Resultados_EXA) then \'\' else alb11.Fecha_EXA END AS \'CREATINURIA	\', clb11.Resultados_EXA AS \'CREATINURIA	\',\r\n \'\' AS \'RELACIÓN ALBUMINURIA/CREATINURIA\', \'\' AS \'RELACIÓN ALBUMINURIA/CREATINURIA\',\r\n\r\ncase when a.Folio_HCF=\'1\' then \'1 VEZ\' ELSE \'CONTROL\' END AS \'1 VEZ O CONTROL\'\r\n\r\nFROM gxpacientes b, czterceros c, cztipoid d, itconfig e, czsedes q, gxareas i, gxeps j, hcdiagnosticos r, gxprgmpctes t, \r\nhcsignosvitales v04, hcsignosvitales v05,  hcsignosvitales v07, hcsignosvitales v13, hcfolios a ,\r\nlbsolicitudes lb1, lbexamenes alb1 LEFT JOIN lbexamitems clb1 ON clb1.Codigo_EXA=alb1.Codigo_EXA ,\r\nlbsolicitudes lb2, lbexamenes alb2 LEFT JOIN lbexamitems clb2 ON clb2.Codigo_EXA=alb2.Codigo_EXA ,\r\n /* LEFT JOIN lbsolicitudes lb3 ON lb3.Codigo_TER=a.Codigo_TER AND lb3.Codigo_ARE=a.Codigo_ARE LEFT JOIN lbexamenes alb3 ON alb3.Codigo_SLB=lb3.Codigo_SLB LEFT JOIN lbexamitems clb3 ON clb3.Codigo_EXA=alb3.Codigo_EXA LEFT JOIN lbitemslab dlb3 ON dlb3.Codigo_ITL=clb3.Codigo_ITL */\r\nlbsolicitudes lb4, lbexamenes alb4 LEFT JOIN lbexamitems clb4 ON clb4.Codigo_EXA=alb4.Codigo_EXA ,\r\nlbsolicitudes lb5, lbexamenes alb5 LEFT JOIN lbexamitems clb5 ON clb5.Codigo_EXA=alb5.Codigo_EXA ,\r\nlbsolicitudes lb6, lbexamenes alb6 LEFT JOIN lbexamitems clb6 ON clb6.Codigo_EXA=alb6.Codigo_EXA , \r\nlbsolicitudes lb7, lbexamenes alb7 LEFT JOIN lbexamitems clb7 ON clb7.Codigo_EXA=alb7.Codigo_EXA ,\r\nlbsolicitudes lb8, lbexamenes alb8 LEFT JOIN lbexamitems clb8 ON clb8.Codigo_EXA=alb8.Codigo_EXA ,\r\nlbsolicitudes lb9, lbexamenes alb9 LEFT JOIN lbexamitems clb9 ON clb9.Codigo_EXA=alb9.Codigo_EXA ,\r\nlbsolicitudes lb10, lbexamenes alb10 LEFT JOIN lbexamitems clb10 ON clb10.Codigo_EXA=alb10.Codigo_EXA ,\r\nlbsolicitudes lb11, lbexamenes alb11 LEFT JOIN lbexamitems clb11 ON clb11.Codigo_EXA=alb11.Codigo_EXA  \r\n/* LEFT JOIN lbsolicitudes lb12 ON lb12.Codigo_TER=a.Codigo_TER AND lb12.Codigo_ARE=a.Codigo_ARE AND lb12.Fecha_SLB=a.Fecha_HCF LEFT JOIN lbexamenes alb12 ON alb12.Codigo_SLB=lb12.Codigo_SLB  LEFT JOIN lbexamitems clb12 ON clb12.Codigo_EXA=alb12.Codigo_EXA LEFT JOIN lbitemslab dlb12 ON dlb12.Codigo_ITL=clb12.Codigo_ITL LEFT JOIN lbitemsref rlb12 ON rlb12.Codigo_SER=alb12.Codigo_SER AND rlb12.Codigo_ITL=clb12.Codigo_ITL */\r\n\r\nWHERE a.Codigo_TER=b.Codigo_TER AND c.Codigo_TER=b.Codigo_TER AND c.Codigo_TID=d.Codigo_TID \r\nAND i.Codigo_ARE=a.Codigo_ARE AND j.Codigo_EPS=b.Codigo_EPS AND t.Codigo_TER=a.Codigo_TER AND t.Codigo_PRG=\'RCV\'\r\nAND q.Codigo_SDE=i.Codigo_SDE AND r.Codigo_TER=a.Codigo_TER AND r.Codigo_HCF=a.Codigo_HCF AND v04.Codigo_TER=a.Codigo_TER AND v04.Codigo_HCF=a.Codigo_HCF\r\nAND v05.Codigo_TER=a.Codigo_TER AND v05.Codigo_HCF=a.Codigo_HCF AND v07.Codigo_TER=a.Codigo_TER AND v07.Codigo_HCF=a.Codigo_HCF\r\nAND v13.Codigo_TER=a.Codigo_TER AND v13.Codigo_HCF=a.Codigo_HCF AND v13.Codigo_HSV=\'13\' \r\nAND v05.Codigo_HSV=\'05\' AND v04.Codigo_HSV=\'04\' AND v07.Codigo_HSV=\'07\'\r\n\r\nand lb1.Codigo_TER=a.Codigo_TER AND lb1.Codigo_ARE=a.Codigo_ARE AND date(lb1.Fecha_SLB)=a.Fecha_HCF AND alb1.Codigo_SLB=lb1.Codigo_SLB\r\nAND lb2.Codigo_TER=a.Codigo_TER AND lb2.Codigo_ARE=a.Codigo_ARE AND date(lb2.Fecha_SLB)=a.Fecha_HCF AND alb2.Codigo_SLB=lb2.Codigo_SLB\r\nAND lb4.Codigo_TER=a.Codigo_TER AND lb4.Codigo_ARE=a.Codigo_ARE AND date(lb4.Fecha_SLB)=a.Fecha_HCF AND alb4.Codigo_SLB=lb4.Codigo_SLB \r\nAND lb5.Codigo_TER=a.Codigo_TER AND lb5.Codigo_ARE=a.Codigo_ARE AND date(lb5.Fecha_SLB)=a.Fecha_HCF AND alb5.Codigo_SLB=lb5.Codigo_SLB  \r\nand lb6.Codigo_TER=a.Codigo_TER AND lb6.Codigo_ARE=a.Codigo_ARE AND date(lb6.Fecha_SLB)=a.Fecha_HCF AND alb6.Codigo_SLB=lb6.Codigo_SLB  \r\nAND lb7.Codigo_TER=a.Codigo_TER AND lb7.Codigo_ARE=a.Codigo_ARE AND date(lb7.Fecha_SLB)=a.Fecha_HCF AND alb7.Codigo_SLB=lb7.Codigo_SLB  \r\nand lb8.Codigo_TER=a.Codigo_TER AND lb8.Codigo_ARE=a.Codigo_ARE AND date(lb8.Fecha_SLB)=a.Fecha_HCF AND alb8.Codigo_SLB=lb8.Codigo_SLB  \r\nAND lb9.Codigo_TER=a.Codigo_TER AND lb9.Codigo_ARE=a.Codigo_ARE AND date(lb9.Fecha_SLB)=a.Fecha_HCF AND alb9.Codigo_SLB=lb9.Codigo_SLB  \r\nAND lb10.Codigo_TER=a.Codigo_TER AND lb10.Codigo_ARE=a.Codigo_ARE AND date(lb10.Fecha_SLB)=a.Fecha_HCF AND alb10.Codigo_SLB=lb10.Codigo_SLB  \r\nAND lb11.Codigo_TER=a.Codigo_TER AND lb11.Codigo_ARE=a.Codigo_ARE AND date(lb11.Fecha_SLB)=a.Fecha_HCF AND alb11.Codigo_SLB=lb11.Codigo_SLB  \r\n\r\nAND alb1.Codigo_ser=\'1035\' \r\nAND alb2.Codigo_ser=\'1020\' \r\nAND alb4.Codigo_ser=\'1014\' \r\nAND alb5.Codigo_ser=\'1011\' \r\nAND alb6.Codigo_ser=\'1012\' \r\nAND alb7.Codigo_ser=\'1062\' \r\nAND alb8.Codigo_ser IN (\'971\', \'972\') \r\nAND alb9.Codigo_ser=\'935\'  \r\nAND alb10.Codigo_ser IN(\'1002\', \'1003\')\r\nAND alb11.Codigo_ser=\'1016\' /* AND alb12.Codigo_ser=\'1016\' */\r\n \r\n\r\n AND j.Codigo_TER=\'@ENTIDAD\' AND i.Codigo_SDE=\'@SEDE\' AND a.Fecha_HCF BETWEEN \'@FECHA_INICIAL\' AND \'@FECHA_FINAL 23:59:59\' \r\n;\r\n' WHERE  `Codigo_RPT`='inf_rcv' AND `Codigo_DCD`=0;
UPDATE `itreports` SET `SQL_RPT`='SELECT \'\' AS \'No\', MONTH(a.Fecha_HCF) AS \'MES DE ATENCIÓN\', a.Fecha_HCF AS \'FECHA DE ATENCIÓN\', \r\nb.Codigo_DEP AS \'DEPARTAMENTO\', b.Codigo_MUN AS \'MUNICIPIO\', d.Sigla_TID AS \'TIPO DE IDENTIDAD\', c.ID_TER AS \'NÚMERO DE IDENTIDAD\',\r\nb.Codigo_PLA AS \'RÉGIMEN\', b.Nombre1_PAC AS \'PRIMER NOMBRE\', b.Nombre2_PAC AS \'SEGUNDO NOMBRE\', b.Apellido1_PAC as \'PRIMER APELLIDO\', b.Apellido2_PAC AS \'SEGUNDO APELLIDO\', 	\r\nb.FechaNac_PAC AS \'FECHA DE NACIMIENTO\', TIMESTAMPDIFF(YEAR,b.FechaNac_PAC,a.Fecha_HCF) AS \'EDAD\', b.Codigo_SEX AS \'SEXO\', c.Direccion_TER AS \'DIRECCION\', b.Barrio_PAC AS \'BARRIO\', c.Telefono_TER AS \'TELEFONO\'\r\n, CONCAT(e.Razonsocial_DCD,\' Sede \', q.Nombre_SDE) AS \'IPS DE ATENCIÓN PRIMARIA\', \r\ncase when r.Codigo_DGN LIKE \'E10%\' Then \r\n	case when r.CodigoR_DGN LIKE \'I%\' then \'HTA + DM Tipo I\'\r\n	ELSE \'Diabetes Mellitus Tipo I\' END\r\n when r.Codigo_DGN LIKE \'E11%\' Then \r\n	case when r.CodigoR_DGN LIKE \'I%\' then \'HTA + DM Tipo II\'\r\n	ELSE \'Diabetes Mellitus Tipo II\' END\r\n when r.Codigo_DGN LIKE \'I%\' then\r\n   case when r.CodigoR_DGN LIKE \'E10%\' then \'HTA + DM Tipo I\'\r\n   when r.CodigoR_DGN LIKE \'E11%\' then \'HTA + DM Tipo II\'\r\n   ELSE \'Hipertensión Arterial\' end\r\nEND AS \'DIAGNÓSTICO\',\r\nt.FechaIng_PRG AS \'FECHA DE DIAGNÓSTICO \', \'\' AS \'DIAGNÓSTICO SECUNDARIO - COMPLICACIONES PRESENTADAS\', \'\' AS \'CUÁL?\',\r\nv04.Valor_HSV AS \'PESO (kgs)\', v05.Valor_HSV AS \'TALLA\', v07.Valor_HSV AS \'IMC\', case  when v07.Valor_HSV < 18.5 then \'BAJO PESO\' when v07.Valor_HSV BETWEEN 18.5 AND 24.99 then \'NORMAL\' when v07.Valor_HSV BETWEEN 25 AND 29.99 then \'SOBREPESO\' when v07.Valor_HSV BETWEEN 30 AND 34.99 then \'OBESIDAD TIPO I\' when v07.Valor_HSV BETWEEN 35 AND 39.99 then \'OBESIDAD TIPO II\' ELSE \'OBESIDAD TIPO III\' END as \'CLASIFICACIÓN IMC\',\r\nv13.Valor_HSV AS \'SISTÓLICA\', v13.Valor_HSV AS \'DIASTÓLICA\',\r\n/*\r\ncase when isnull(clb1.Resultados_EXA)  then \'\' else alb1.Fecha_EXA END AS \'GLICEMIA\', clb1.Resultados_EXA AS \'GLICEMIA\', \r\ncase when isnull(clb2.Resultados_EXA) then \'\' else alb2.Fecha_EXA END AS \'CREATININA\', clb2.Resultados_EXA AS \'CREATININA\', \r\n*/\r\n/* case when isnull(group_concat(concat(dlb3.Nombre_ITL, \': \', clb3.Resultados_EXA) then \'\' else alb3.Fecha_EXA END AS \'PROTEINURIA\', group_concat(concat(dlb3.Nombre_ITL, \': \', clb3.Resultados_EXA AS \'PROTEINURIA\', */\r\n/*\r\n\'\' AS \'PROTEINURIA\', \'\' AS \'PROTEINURIA\',\r\ncase when isnull(clb4.Resultados_EXA) then \'\' else alb4.Fecha_EXA END AS \'COLESTEROL TOTAL\', clb4.Resultados_EXA AS \'COLESTEROL TOTAL\',\r\ncase when isnull(clb5.Resultados_EXA) then \'\' else alb5.Fecha_EXA END AS \'HDL\', clb5.Resultados_EXA AS \'HDL\',\r\ncase when isnull(clb6.Resultados_EXA) then \'\' else alb6.Fecha_EXA END AS \'LDL\', clb6.Resultados_EXA AS \'LDL\',\r\ncase when isnull(clb7.Resultados_EXA) then \'\' else alb7.Fecha_EXA END AS \'TRIGLICERIDOS\', clb7.Resultados_EXA AS \'TRIGLICERIDOS\',\r\ncase when isnull(clb8.Resultados_EXA) then \'\' else alb8.Fecha_EXA END AS \'HEMOGLOBINA GLICOSILADA\', clb8.Resultados_EXA AS \'HEMOGLOBINA GLICOSILADA\',\r\ncase when isnull(clb9.Resultados_EXA) then \'\' else alb9.Fecha_EXA END AS \'PTH\', clb9.Resultados_EXA AS \'PTH\',\r\ncase when isnull(clb10.Resultados_EXA) then \'\' else alb10.Fecha_EXA END AS \'ALBUMINURIA \', clb10.Resultados_EXA AS \'ALBUMINURIA \',\r\ncase when isnull(clb11.Resultados_EXA) then \'\' else alb11.Fecha_EXA END AS \'CREATINURIA	\', clb11.Resultados_EXA AS \'CREATINURIA	\',\r\n \'\' AS \'RELACIÓN ALBUMINURIA/CREATINURIA\', \'\' AS \'RELACIÓN ALBUMINURIA/CREATINURIA\',\r\n*/\r\n\r\ngroup_concat(CONCAT(\' \',z.Nombre_SER, \': \', lb1.Fecha_SLB, \'= \', clb1.Resultados_EXA)) AS \'EXAMENES\',\r\n\r\ncase when a.Folio_HCF=\'1\' then \'1 VEZ\' ELSE \'CONTROL\' END AS \'1 VEZ O CONTROL\'\r\n\r\nFROM gxpacientes b, czterceros c, cztipoid d, itconfig e, czsedes q, gxareas i, gxeps j, hcdiagnosticos r, gxprgmpctes t, \r\nhcsignosvitales v04, hcsignosvitales v05,  hcsignosvitales v07, hcsignosvitales v13, hcfolios a , gxservicios z,\r\nlbsolicitudes lb1, lbexamenes alb1 LEFT JOIN lbexamitems clb1 ON clb1.Codigo_EXA=alb1.Codigo_EXA /* ,\r\n lbsolicitudes lb2, lbexamenes alb2 LEFT JOIN lbexamitems clb2 ON clb2.Codigo_EXA=alb2.Codigo_EXA , */\r\n /* LEFT JOIN lbsolicitudes lb3 ON lb3.Codigo_TER=a.Codigo_TER AND lb3.Codigo_ARE=a.Codigo_ARE LEFT JOIN lbexamenes alb3 ON alb3.Codigo_SLB=lb3.Codigo_SLB LEFT JOIN lbexamitems clb3 ON clb3.Codigo_EXA=alb3.Codigo_EXA LEFT JOIN lbitemslab dlb3 ON dlb3.Codigo_ITL=clb3.Codigo_ITL */\r\n/* lbsolicitudes lb4, lbexamenes alb4 LEFT JOIN lbexamitems clb4 ON clb4.Codigo_EXA=alb4.Codigo_EXA ,\r\nlbsolicitudes lb5, lbexamenes alb5 LEFT JOIN lbexamitems clb5 ON clb5.Codigo_EXA=alb5.Codigo_EXA ,\r\nlbsolicitudes lb6, lbexamenes alb6 LEFT JOIN lbexamitems clb6 ON clb6.Codigo_EXA=alb6.Codigo_EXA , \r\nlbsolicitudes lb7, lbexamenes alb7 LEFT JOIN lbexamitems clb7 ON clb7.Codigo_EXA=alb7.Codigo_EXA ,\r\nlbsolicitudes lb8, lbexamenes alb8 LEFT JOIN lbexamitems clb8 ON clb8.Codigo_EXA=alb8.Codigo_EXA ,\r\nlbsolicitudes lb9, lbexamenes alb9 LEFT JOIN lbexamitems clb9 ON clb9.Codigo_EXA=alb9.Codigo_EXA ,\r\nlbsolicitudes lb10, lbexamenes alb10 LEFT JOIN lbexamitems clb10 ON clb10.Codigo_EXA=alb10.Codigo_EXA ,\r\nlbsolicitudes lb11, lbexamenes alb11 LEFT JOIN lbexamitems clb11 ON clb11.Codigo_EXA=alb11.Codigo_EXA  */\r\n/* LEFT JOIN lbsolicitudes lb12 ON lb12.Codigo_TER=a.Codigo_TER AND lb12.Codigo_ARE=a.Codigo_ARE AND lb12.Fecha_SLB=a.Fecha_HCF LEFT JOIN lbexamenes alb12 ON alb12.Codigo_SLB=lb12.Codigo_SLB  LEFT JOIN lbexamitems clb12 ON clb12.Codigo_EXA=alb12.Codigo_EXA LEFT JOIN lbitemslab dlb12 ON dlb12.Codigo_ITL=clb12.Codigo_ITL LEFT JOIN lbitemsref rlb12 ON rlb12.Codigo_SER=alb12.Codigo_SER AND rlb12.Codigo_ITL=clb12.Codigo_ITL */\r\n\r\nWHERE a.Codigo_TER=b.Codigo_TER AND c.Codigo_TER=b.Codigo_TER AND c.Codigo_TID=d.Codigo_TID \r\nAND i.Codigo_ARE=a.Codigo_ARE AND j.Codigo_EPS=b.Codigo_EPS AND t.Codigo_TER=a.Codigo_TER AND t.Codigo_PRG=\'RCV\'\r\nAND q.Codigo_SDE=i.Codigo_SDE AND r.Codigo_TER=a.Codigo_TER AND r.Codigo_HCF=a.Codigo_HCF AND v04.Codigo_TER=a.Codigo_TER AND v04.Codigo_HCF=a.Codigo_HCF\r\nAND v05.Codigo_TER=a.Codigo_TER AND v05.Codigo_HCF=a.Codigo_HCF AND v07.Codigo_TER=a.Codigo_TER AND v07.Codigo_HCF=a.Codigo_HCF\r\nAND v13.Codigo_TER=a.Codigo_TER AND v13.Codigo_HCF=a.Codigo_HCF AND v13.Codigo_HSV=\'13\' \r\nAND v05.Codigo_HSV=\'05\' AND v04.Codigo_HSV=\'04\' AND v07.Codigo_HSV=\'07\'\r\n\r\nAND z.Codigo_SER=alb1.Codigo_SER\r\n\r\nand lb1.Codigo_TER=a.Codigo_TER AND lb1.Codigo_ARE=a.Codigo_ARE AND date(lb1.Fecha_SLB)=a.Fecha_HCF AND alb1.Codigo_SLB=lb1.Codigo_SLB\r\n/* AND lb2.Codigo_TER=a.Codigo_TER AND lb2.Codigo_ARE=a.Codigo_ARE AND date(lb2.Fecha_SLB)=a.Fecha_HCF AND alb2.Codigo_SLB=lb2.Codigo_SLB\r\nAND lb4.Codigo_TER=a.Codigo_TER AND lb4.Codigo_ARE=a.Codigo_ARE AND date(lb4.Fecha_SLB)=a.Fecha_HCF AND alb4.Codigo_SLB=lb4.Codigo_SLB \r\nAND lb5.Codigo_TER=a.Codigo_TER AND lb5.Codigo_ARE=a.Codigo_ARE AND date(lb5.Fecha_SLB)=a.Fecha_HCF AND alb5.Codigo_SLB=lb5.Codigo_SLB  \r\nand lb6.Codigo_TER=a.Codigo_TER AND lb6.Codigo_ARE=a.Codigo_ARE AND date(lb6.Fecha_SLB)=a.Fecha_HCF AND alb6.Codigo_SLB=lb6.Codigo_SLB  \r\nAND lb7.Codigo_TER=a.Codigo_TER AND lb7.Codigo_ARE=a.Codigo_ARE AND date(lb7.Fecha_SLB)=a.Fecha_HCF AND alb7.Codigo_SLB=lb7.Codigo_SLB  \r\nand lb8.Codigo_TER=a.Codigo_TER AND lb8.Codigo_ARE=a.Codigo_ARE AND date(lb8.Fecha_SLB)=a.Fecha_HCF AND alb8.Codigo_SLB=lb8.Codigo_SLB  \r\nAND lb9.Codigo_TER=a.Codigo_TER AND lb9.Codigo_ARE=a.Codigo_ARE AND date(lb9.Fecha_SLB)=a.Fecha_HCF AND alb9.Codigo_SLB=lb9.Codigo_SLB  \r\nAND lb10.Codigo_TER=a.Codigo_TER AND lb10.Codigo_ARE=a.Codigo_ARE AND date(lb10.Fecha_SLB)=a.Fecha_HCF AND alb10.Codigo_SLB=lb10.Codigo_SLB  \r\nAND lb11.Codigo_TER=a.Codigo_TER AND lb11.Codigo_ARE=a.Codigo_ARE AND date(lb11.Fecha_SLB)=a.Fecha_HCF AND alb11.Codigo_SLB=lb11.Codigo_SLB  \r\n*/\r\n/*\r\nAND alb1.Codigo_ser=\'1035\' \r\nAND alb2.Codigo_ser=\'1020\' \r\nAND alb4.Codigo_ser=\'1014\' \r\nAND alb5.Codigo_ser=\'1011\' \r\nAND alb6.Codigo_ser=\'1012\' \r\nAND alb7.Codigo_ser=\'1062\' \r\nAND alb8.Codigo_ser IN (\'971\', \'972\') \r\nAND alb9.Codigo_ser=\'935\'  \r\nAND alb10.Codigo_ser IN(\'1002\', \'1003\')\r\nAND alb11.Codigo_ser=\'1016\' */\r\n/* AND alb12.Codigo_ser=\'1016\' */\r\n \r\nAND alb1.Codigo_ser IN (\'1035\', \'1020\', \'1014\', \'1011\', \'1012\',\'1062\', \'971\', \'972\', \'935\', \'1002\',\'1003\',\'1016\') \r\n\r\n AND j.Codigo_TER=\'@ENTIDAD\' AND i.Codigo_SDE=\'@SEDE\' AND a.Fecha_HCF BETWEEN \'@FECHA_INICIAL\' AND \'@FECHA_FINAL 23:59:59\' \r\n\r\nGROUP BY a.Codigo_TER\r\n;\r\n\r\n' WHERE  `Codigo_RPT`='inf_rcv' AND `Codigo_DCD`=0;
INSERT INTO `itreports` (`Codigo_RPT`, `Descripcion_RPT`, `Subtitle_RPT`, `SQL_RPT`, `Orientacion_RPT`) VALUES ('inf_rcvlabs', 'Laboratorios de Riesgo Cardio Vascular', 'Informe entre @FECHA_INICIAL y @FECHA_FINAL ', 'SELECT a.Codigo_TER AS \'CodTer\', e.ID_TER AS \'Tercero\', a.Fecha_SLB AS \'FecSolicitud\', d.CUPS_PRC AS \'CUPS\', d.Nombre_PRC AS \'Servicio\', b.Fecha_EXA AS \'FecExa\', c.Resultados_EXA AS \'Resultado\' \r\nFROM lbsolicitudes a, lbexamenes b, lbexamitems c, gxprocedimientos d, czterceros e, gxareas f\r\nWHERE a.Codigo_SLB=b.Codigo_SLB AND b.Codigo_EXA=c.Codigo_EXA AND d.Codigo_SER=b.Codigo_SER AND e.Codigo_TER=a.Codigo_TER AND f.Codigo_ARE=a.Codigo_ARE\r\nAND b.Codigo_ser IN (\'1035\', \'1020\', \'1014\', \'1011\', \'1012\',\'1062\', \'971\', \'972\', \'935\', \'1002\',\'1003\',\'1016\') \r\nAND f.Codigo_SDE=\'\' AND a.Fecha_SLB BETWEEN \'@FECHA_INICIAL\' AND \'@FECHA_FINAL 23:59:59\' ', 'L');
INSERT INTO `ititems` (`Codigo_ITM`, `Codigo_MNU`, `Codigo_MOD`, `Codigo_APP`, `Nombre_ITM`, `Icono_ITM`, `Enlace_ITM`, `Padre_ITM`, `OpSave_ITM`) VALUES ('565', '106', '2', '2', 'Laboratorios RCV', 'database_table.png', 'reports/inf_rcvlabs.php', '529', '0');
INSERT INTO `itreportsparam` (`Codigo_RPT`, `Campo_RPT`, `Titulo_RPT`, `Orden_RPT`, `Tipo_RPT`) VALUES ('inf_rcvlabs', 'FECHA_INICIAL', 'Fecha Inicial', '2', 'D');
INSERT INTO `itreportsparam` (`Codigo_RPT`, `Campo_RPT`, `Titulo_RPT`, `Orden_RPT`, `Tipo_RPT`) VALUES ('inf_rcvlabs', 'FECHA_FINAL', 'Fecha Final', '3', 'D');
INSERT INTO `itreportsparam` (`Codigo_RPT`, `Campo_RPT`, `Titulo_RPT`, `Orden_RPT`, `Tipo_RPT`) VALUES ('inf_rcvlabs', 'SEDE', 'Sede', '5', 'S');
INSERT INTO `itreportsselects` (`Codigo_RPT`, `Campo_RPT`, `Consulta_RPT`) VALUES ('inf_rcvlabs', 'SEDE', 'Select Codigo_SDE, NOmbre_SDE From czsedes Where Estado_SDE=\'1\' Order By 2;');
UPDATE `itreportsparam` SET `Orden_RPT`='4' WHERE  `Codigo_RPT`='inf_rcvlabs' AND `Campo_RPT`='SEDE' AND `Codigo_DCD`=0;
UPDATE `itreports` SET `SQL_RPT`='SELECT a.Codigo_TER AS \'CodTer\', e.ID_TER AS \'Tercero\', a.Fecha_SLB AS \'FecSolicitud\', d.CUPS_PRC AS \'CUPS\', d.Nombre_PRC AS \'Servicio\', b.Fecha_EXA AS \'FecExa\', c.Resultados_EXA AS \'Resultado\' \r\nFROM lbsolicitudes a, lbexamenes b, lbexamitems c, gxprocedimientos d, czterceros e, gxareas f\r\nWHERE a.Codigo_SLB=b.Codigo_SLB AND b.Codigo_EXA=c.Codigo_EXA AND d.Codigo_SER=b.Codigo_SER AND e.Codigo_TER=a.Codigo_TER AND f.Codigo_ARE=a.Codigo_ARE\r\nAND b.Codigo_ser IN (\'1035\', \'1020\', \'1014\', \'1011\', \'1012\',\'1062\', \'971\', \'972\', \'935\', \'1002\',\'1003\',\'1016\') \r\nAND f.Codigo_SDE=\'@SEDE\' AND a.Fecha_SLB BETWEEN \'@FECHA_INICIAL\' AND \'@FECHA_FINAL 23:59:59\' ' WHERE  `Codigo_RPT`='inf_rcvlabs' AND `Codigo_DCD`=0;
UPDATE `itreports` SET `SQL_RPT`='SELECT concat(c.Codigo_CIT,\'-\',c.Codigo_AGE) AS \'CODIGO CEX\', j.Sigla_TID AS \'TIPO DOC.\', d.ID_TER AS \'IDENTIFICACION\', a.Codigo_SEX AS \'GENERO\', d.Nombre_TER AS \'NOMBRE PACIENTE\', FechaNac_PAC as \'FEC NAC.\', TIMESTAMPDIFF(YEAR,a.FechaNac_PAC,c.FechaGraba_CIT) AS \'EDAD\', \r\n v.Nombre_MUN AS \'MUNICIPIO\', d.Telefono_TER AS \'TELEFONOS\', d.Direccion_TER AS \'DIRECCION\', i.Nombre_EPS AS \'CONTRATO\', g.Nombre_ARE AS \'AREA\', h.Nombre_CNS AS \'CONSULTORIO\', c.Hora_AGE AS \'TURNO\', c.Fecha_AGE AS \'FECHA CITA\', c.FechaDeseada_CIT AS \'FECHA DESEADA\' , c.FechaGraba_CIT AS \'FECHA ASIGNACION\', \r\n  (case c.Estado_CIT when \'X\' then \'CANCELADA\' when \'R\' then \'REPROGRAMADA\' ELSE ( case Atiende_CIT when \'0\' then \'NO ATENDIDO\' ELSE \'ATENDIDO\' END) END) AS \'ESTADO\', gx.Descripcion_DGN AS \'DIAGNOSTICO\', tp.Nombre_HCT AS \'TIPO HC\', \r\n f.Nombre_ESP AS \'ESPECIALIDAD\',e.ID_TER  AS \'ID MEDICO\',e.Nombre_TER  AS \'NOMBRE DEL MEDICO\', case c.TipoConsulta_CIT when \'1\' then \'PRIMERA VEZ\' ELSE \'CONTROL\' END AS \'TIPO CITA\', u.ID_USR AS \'COD. USUARIO\', u.Nombre_USR AS \'NOMBRE USUARIO\'\r\nFrom gxpacientes a, gxagendacab b, czterceros d, czterceros e, gxmedicos med, gxespecialidades f, gxareas g, gxconsultorios h, gxeps i, cztipoid j, itusuarios u, czmunicipios v, gxcitasmedicas c \r\nLEFT JOIN gxadmision ad ON ad.Codigo_TER=c.Codigo_TER AND c.Fecha_AGE=ad.Fecha_ADM \r\nLEFT JOIN hcfolios r ON r.Codigo_TER=c.Codigo_TER  AND r.Fecha_HCF=c.Fecha_AGE\r\nLEFT JOIN hcdiagnosticos dx ON dx.Codigo_TER=r.Codigo_TER AND r.Codigo_HCF =dx.Codigo_HCF\r\nLEFT JOIN gxdiagnostico gx ON gx.Codigo_DGN=dx.Codigo_DGN\r\nLEFT JOIN hctipos tp ON tp.Codigo_HCT=r.Codigo_HCT\r\n\r\nWHERE a.Codigo_MUN=v.Codigo_MUN AND a.Codigo_DEP=v.Codigo_DEP AND a.Codigo_TER=d.Codigo_TER and a.Codigo_TER=c.Codigo_TER and e.Codigo_TER=b.Codigo_TER and f.Codigo_ESP=b.Codigo_ESP and j.Codigo_TID=d.Codigo_TID AND u.Codigo_USR=c.Codigo_USR\r\nand g.Codigo_ARE=b.Codigo_ARE and c.Codigo_AGE=b.Codigo_AGE and h.Codigo_CNS=b.Codigo_CNS and i.Codigo_EPS=a.Codigo_EPS  AND Estado_AGE=\'1\' \r\nAND med.Codigo_TER=e.Codigo_TER AND med.Codigo_USR=r.Codigo_USR\r\n\r\n AND @VARFECHA  between \'@FECHA_INICIAL\' and \'@FECHA_FINAL 23:59:59\'  Order By  5,2,3,6,1,7' WHERE  `Codigo_RPT`='citasxdia' AND `Codigo_DCD`=0;
INSERT INTO `ititems` (`Codigo_ITM`, `Codigo_MNU`, `Codigo_MOD`, `Codigo_APP`, `Nombre_ITM`, `Enlace_ITM`, `Padre_ITM`, `OptPrinter_ITM`, `OptNew_ITM`, `OptNo_ITM`) VALUES ('566', '91', '2', '2', 'HC x Rangos', 'reports/hcxrangos.php', '493', '1', '1', '1');
INSERT INTO `itreportsparam` (`Codigo_RPT`, `Campo_RPT`, `Titulo_RPT`, `Orden_RPT`, `Tipo_RPT`) VALUES ('hcxrangos', 'SEDE', 'Sede', '1', 'S');
INSERT INTO `itreportsparam` (`Codigo_RPT`, `Campo_RPT`, `Titulo_RPT`, `Orden_RPT`, `Tipo_RPT`) VALUES ('hcxrangos', 'FECHA_INICIAL', 'Fecha Inicial', '2', 'D');
INSERT INTO `itreportsparam` (`Codigo_RPT`, `Campo_RPT`, `Titulo_RPT`, `Orden_RPT`, `Tipo_RPT`) VALUES ('hcxrangos', 'FECHA_FINAL', 'Fecha Final', '3', 'D');
INSERT INTO `itreportsparam` (`Codigo_RPT`, `Campo_RPT`, `Titulo_RPT`, `Orden_RPT`, `Tipo_RPT`) VALUES ('hcxrangos', 'ENTIDAD', 'Entidad', '4', 'S');
INSERT INTO `itreportsparam` (`Codigo_RPT`, `Campo_RPT`, `Titulo_RPT`, `Orden_RPT`, `Tipo_RPT`) VALUES ('hcxrangos', 'PLAN', 'Plan', '4', 'S');
INSERT INTO `itreportsselects` (`Codigo_RPT`, `Campo_RPT`, `Consulta_RPT`) VALUES ('hcxrangos', 'SEDE', 'Select Codigo_SDE, NOmbre_SDE From czsedes Where Estado_SDE=\'1\' Order By 2;');
INSERT INTO `itreportsselects` (`Codigo_RPT`, `Campo_RPT`, `Consulta_RPT`) VALUES ('hcxrangos', 'ENTIDAD', 'SELECT Codigo_TER, Nombre_TER FROM czterceros WHERE Codigo_TER in (Select Codigo_TER from gxeps where Codigo_EPS in (Select distinct Codigo_EPS from gxagendacab)) Order By 2;');
UPDATE `itreportsparam` SET `Orden_RPT`='5' WHERE  `Codigo_RPT`='hcxrangos' AND `Campo_RPT`='PLAN' AND `Codigo_DCD`=0;
INSERT INTO `itreportsselects` (`Codigo_RPT`, `Campo_RPT`, `Consulta_RPT`) VALUES ('hcxrangos', 'PLAN', 'Select Codigo_PLA, Nombre_PLA From gxplanes  Order By 1;');
INSERT INTO `itreports` (`Codigo_RPT`, `Descripcion_RPT`, `Subtitle_RPT`, `SQL_RPT`) VALUES ('hcxrangos', 'Historias Clínicas x Rangos', NULL, 'SELECT a.Codigo_TER, a.ID_TER, a.Nombre_TER, e.Nombre_MUN, b.Folio_HCF, c.Folio_HCF\r\nFROM czterceros a, hcfolios c, gxpacientes d, czmunicipios e, hcfolios b, gxareas f\r\nWHERE d.Codigo_TER=a.Codigo_TER AND d.Codigo_MUN=e.Codigo_MUN AND d.Codigo_DEP=e.Codigo_DEP\r\nAND a.Codigo_TER=c.Codigo_TER AND b.Codigo_TER=a.Codigo_TER AND f.Codigo_ARE=b.Codigo_ARE AND f.Codigo_ARE=c.Codigo_ARE\r\nAND b.Fecha_HCF BETWEEN \'@FECHA_INICIAL\' AND \'@FECHA_FINAL 23:59:59\'\r\nAND c.Fecha_HCF BETWEEN \'@FECHA_INICIAL\' AND \'@FECHA_FINAL 23:59:59\'\r\nAND f.Codigo_SDE=\'@SEDE\' AND d.Codigo_EPS=\'@CONTRATO\' AND d.Codigo_PLA=\'@PLAN\'\r\nGROUP BY a.Codigo_TER, a.ID_TER, a.Nombre_TER, e.Nombre_MUN\r\nHAVING MIN(b.Folio_HCF) and MAX(c.Folio_HCF)\r\nORDER BY 4, 3, 5\r\n');
UPDATE `itreportsparam` SET `Campo_RPT`='CONTRATO', `Titulo_RPT`='Contrato' WHERE  `Codigo_RPT`='hcxrangos' AND `Campo_RPT`='ENTIDAD' AND `Codigo_DCD`=0;
UPDATE `itreportsselects` SET `Campo_RPT`='CONTRATO', `Consulta_RPT`='Select Codigo_eps, Nombre_eps from gxeps  Order By 2;' WHERE  `Codigo_RPT`='hcxrangos' AND `Codigo_DCD`=0 AND `Campo_RPT`='ENTIDAD';
INSERT INTO `itreportsparam` (`Codigo_RPT`, `Campo_RPT`, `Titulo_RPT`, `Orden_RPT`, `Tipo_RPT`) VALUES ('hcxrangos', 'ORDERBY', 'Ordenar Por', '6', 'L');
INSERT INTO `itreportslistas` (`Codigo_RPT`, `Campo_RPT`, `Orden_RPT`, `Valor_RPT`, `Texto_RPT`) VALUES ('hcxrangos', 'ORDERBY', '1', '1', 'HISTORIA');
INSERT INTO `itreportslistas` (`Codigo_RPT`, `Campo_RPT`, `Orden_RPT`, `Valor_RPT`, `Texto_RPT`) VALUES ('hcxrangos', 'ORDERBY', '2', '3', 'PACIENTE');
INSERT INTO `itreportslistas` (`Codigo_RPT`, `Campo_RPT`, `Orden_RPT`, `Valor_RPT`, `Texto_RPT`) VALUES ('hcxrangos', 'ORDERBY', '3', '4', 'MUNICIPIO');
UPDATE `itreportslistas` SET `Valor_RPT`='2' WHERE  `Codigo_RPT`='hcxrangos' AND `Campo_RPT`='ORDERBY' AND `Orden_RPT`=1 AND `Codigo_DCD`=0;
UPDATE `itreports` SET `SQL_RPT`='SELECT a.Codigo_TER, a.ID_TER, a.Nombre_TER, e.Nombre_MUN, b.Folio_HCF, c.Folio_HCF\r\nFROM czterceros a, hcfolios c, gxpacientes d, czmunicipios e, hcfolios b, gxareas f\r\nWHERE d.Codigo_TER=a.Codigo_TER AND d.Codigo_MUN=e.Codigo_MUN AND d.Codigo_DEP=e.Codigo_DEP\r\nAND a.Codigo_TER=c.Codigo_TER AND b.Codigo_TER=a.Codigo_TER AND f.Codigo_ARE=b.Codigo_ARE AND f.Codigo_ARE=c.Codigo_ARE\r\nAND b.Fecha_HCF BETWEEN \'@FECHA_INICIAL\' AND \'@FECHA_FINAL 23:59:59\'\r\nAND c.Fecha_HCF BETWEEN \'@FECHA_INICIAL\' AND \'@FECHA_FINAL 23:59:59\'\r\nAND f.Codigo_SDE=\'@SEDE\' AND d.Codigo_EPS=\'@CONTRATO\' AND d.Codigo_PLA=\'@PLAN\'\r\nGROUP BY a.Codigo_TER, a.ID_TER, a.Nombre_TER, e.Nombre_MUN\r\nHAVING MIN(b.Folio_HCF) and MAX(c.Folio_HCF)\r\nORDER BY @ORDERBY\r\n' WHERE  `Codigo_RPT`='hcxrangos' AND `Codigo_DCD`=0;
ALTER TABLE `gxmedicos`
	CHANGE COLUMN `Firma_MED` `Firma_MED` MEDIUMBLOB NULL DEFAULT NULL AFTER `RM_MED`;
UPDATE `itreports` SET `SQL_RPT`='SELECT concat(c.Codigo_CIT,\'-\',c.Codigo_AGE) AS \'CODIGO CEX\', j.Sigla_TID AS \'TIPO DOC.\', d.ID_TER AS \'IDENTIFICACION\', a.Codigo_SEX AS \'GENERO\', d.Nombre_TER AS \'NOMBRE PACIENTE\', FechaNac_PAC as \'FEC NAC.\', TIMESTAMPDIFF(YEAR,a.FechaNac_PAC,c.FechaGraba_CIT) AS \'EDAD\', \r\n v.Nombre_MUN AS \'MUNICIPIO\', d.Telefono_TER AS \'TELEFONOS\', d.Direccion_TER AS \'DIRECCION\', i.Nombre_EPS AS \'CONTRATO\', g.Nombre_ARE AS \'AREA\', h.Nombre_CNS AS \'CONSULTORIO\', c.Hora_AGE AS \'TURNO\', c.Fecha_AGE AS \'FECHA CITA\', c.FechaDeseada_CIT AS \'FECHA DESEADA\' , c.FechaGraba_CIT AS \'FECHA ASIGNACION\', \r\n  (case c.Estado_CIT when \'X\' then \'CANCELADA\' when \'R\' then \'REPROGRAMADA\' ELSE ( case Atiende_CIT when \'0\' then \'NO ATENDIDO\' ELSE \'ATENDIDO\' END) END) AS \'ESTADO\', gx.Codigo_DGN as \'Cod. Dx.\', gx.Descripcion_DGN AS \'DIAGNOSTICO\', tp.Nombre_HCT AS \'TIPO HC\', \r\n f.Nombre_ESP AS \'ESPECIALIDAD\',e.ID_TER  AS \'ID MEDICO\',e.Nombre_TER  AS \'NOMBRE DEL MEDICO\', case c.TipoConsulta_CIT when \'1\' then \'PRIMERA VEZ\' ELSE \'CONTROL\' END AS \'TIPO CITA\', u.ID_USR AS \'COD. USUARIO\', u.Nombre_USR AS \'NOMBRE USUARIO\'\r\nFrom gxpacientes a, czterceros d, gxareas g, gxconsultorios h, gxeps i, cztipoid j, itusuarios u, czmunicipios v, gxcitasmedicas c \r\nLEFT JOIN gxagendacab b ON c.Codigo_AGE=b.Codigo_AGE\r\nLEFT JOIN czterceros e ON e.Codigo_TER=b.Codigo_TER\r\nLEFT JOIN gxespecialidades f ON f.Codigo_ESP=b.Codigo_ESP\r\nLEFT JOIN gxmedicos med ON med.Codigo_TER=e.Codigo_TER \r\nLEFT JOIN gxadmision ad ON ad.Codigo_TER=c.Codigo_TER AND c.Fecha_AGE=ad.Fecha_ADM \r\nLEFT JOIN hcfolios r ON r.Codigo_TER=c.Codigo_TER  AND r.Fecha_HCF=c.Fecha_AGE AND med.Codigo_USR=r.Codigo_USR\r\nLEFT JOIN hcdiagnosticos dx ON dx.Codigo_TER=r.Codigo_TER -- AND r.Codigo_HCF =dx.Codigo_HCF\r\nLEFT JOIN gxdiagnostico gx ON gx.Codigo_DGN=dx.Codigo_DGN\r\nLEFT JOIN hctipos tp ON tp.Codigo_HCT=r.Codigo_HCT\r\n\r\nWHERE a.Codigo_MUN=v.Codigo_MUN AND a.Codigo_DEP=v.Codigo_DEP AND a.Codigo_TER=d.Codigo_TER AND a.Codigo_TER=c.Codigo_TER and j.Codigo_TID=d.Codigo_TID AND u.Codigo_USR=c.Codigo_USR\r\nand g.Codigo_ARE=b.Codigo_ARE and h.Codigo_CNS=b.Codigo_CNS and i.Codigo_EPS=a.Codigo_EPS  AND Estado_AGE=\'1\' \r\n\r\n\r\n AND @VARFECHA  between \'@FECHA_INICIAL\' and \'@FECHA_FINAL 23:59:59\'  \r\n\r\n GROUP BY c.Codigo_CIT\r\n having MAX(dx.Codigo_HCF)\r\n \r\n Order By  5,2,3,6,1,7' WHERE  `Codigo_RPT`='citasxdia' AND `Codigo_DCD`=0;
ALTER TABLE `gxprocedimientos`
	ADD COLUMN `Enfermeria_PRC` INT(1) UNSIGNED NULL DEFAULT '0' AFTER `UVRMax_PRC`;
ALTER TABLE `gxprocedimientos`
	ADD COLUMN `Tercerizar_PRC` INT(1) UNSIGNED NULL DEFAULT '0' AFTER `Enfermeria_PRC`;
